UCAGUUUUGCCGGUUGAUGACCUU,0
GUUACAUAGACCAUGAAUAGCGAAA,0
AAACUGUAGGUUUCUAAUAUCUUCG,0
CUUGAAGACUUAAGUCGUUCCAGGA,0
UGGUCUAUUGCGAAGAGCGUGUUGU,0
GGGAAGGCUCCAGGCAUUUAUGAAU,0
GCCUUUAGUCAUCAGCACCCCUACA,0
AAAUAUUGGGCCUUAUAUCUGACUUA,0
UUUGCCCAACAAGUUUUUGCGAAAUU,0
CACAUGUGUUUCAUCGACAUCGACUC,0
GGAAAUCUGUUUAAGAUGGUUUUACA,0
CAAACAUGAGGACUGCAGGUAAUGUU,0
AGUAGCCAACGGGGCUUCCAGUAUUC,0
UUUUCUGCACGGGCCCUAGCUUUCGA,0
UCCCACAAGUCAAAUCAAGAUCUCCG,0
UCCACAAUAGGUUUUCCAUGAUCUCA,0
UCGGAUGGCAUGUGUGAUUCAAUGUC,0
CGCACCAGACGUAGGGGGCCAAUGUU,0
UAAAAACGUCAAAUACGGUAUAGAAA,0
CUCUAACACGGUUCGAUUCGAGGUAU,0
AUGUCAGUUUUUAGUAAGGAAGCGCA,0
CAUUUAGAACGGGCCACAGUUCAGCG,0
GCACAAAGGGUUAUGAAGGUCUUUGG,0
CUCUGGAGGUCCAUUUUUUUAAGGUG,0
GUAGAAUCCGUACUCCCUACUCAGUU,0
UCUGAUCUAUCGAAGAUCCAGGAUCU,0
UCGUAGGGAAUGGAUUGAAAAACUCC,0
AGCAAGAGUGAGGCGCCAGUGUAUAA,0
CCAUGGAGCAGGCCUAUGUCGGUUCC,0
AUAUUGACAAAUUUGAUUUUGUACUCG,0
UUUGAGUGUGACGGAGAGUCUCGCACU,0
AAUACUGAUGUGCUGCCACGUGGAACA,0
GCACAGUAGGCUUCCUACUCGAGAGUA,0
UAAACCCUGUAUCGAGUUAUUUGUUAC,0
AUUUCUUCGUUUUCUGUAAAAUCACUG,0
UGGAAAAUCUGCAUAGCUUCACCAUUA,0
UUCUACAUGUGGACGCGGGGGGCGCGG,0
ACGGCACAUUCAUACUAUAGGUGAAGU,0
GAGGUUUGCUUAUUGAAGCCAACUAUU,0
UAGGAAUCAUUCAUUAACCGGGUUAUG,0
GGGUGGGAUACUAGGUUUGCCAAUAGU,0
CGCAAUCGAUAUAGGUAAGCGAAUUUGU,0
GAACAUUGUACGGACAUUGGGGGUUUUA,0
UUUGCUUUUUAGUCCAGGAUUACUUGUU,0
CAUAGGUAUGAGUGCCGAAUCCGCCUGC,0
AUUGUUAAGUUAGUUGACACCGAAAUCU,0
UCAUUGAAAUGACACUUUCGUCGACAGG,0
CAGGCUAUAAAAUUGAGUUGAUGGGCAC,0
AUGGAUACAAAUCUCGUUUUUUCUCAAA,0
UGUUCUGGUUUGUACCUGAAUCGUAUAU,0
UAGUAUUUGGAAAGGGCUCCCAAAUUUU,0
UGACCACAGGAAUACGGUUGAGUAUGGG,0
ACUGUGUGCCGGUUGAUCAGUCAAUAGC,0
UUGCAAGUCGGUUCCUCGUACGUCCGGC,0
GAGACAUAGGGAUCGUUGGUCUUCGUUA,0
UCUUCAAAAGAAUUCCGAAGGCUGGUAU,0
CGUUACCACGAGUUGAGGGUCAUUUGCG,0
GAGCAUGUUGGUUAGCCUAAACACGAUA,0
UCCUGCAGGCUUUUGUAGGCCCGAGUGA,0
CCGUGCCGGCGCAGGAGCUGAUAUUGGC,0
GGGGAAUUGAGAGGCAGGUUGCUUGAGC,0
AUUGGGACACUGUAUAAAUUCUGAGUAG,0
GACGAGCUCCUAGCCACCGUCUCCCAUG,0
CUUAUAUUCAUCUUCAAAUACAUAUUAU,0
AAUCGUCCCAUGCCAGGCUUAGCUACAU,0
GGCCUCGAGUUUGACGUUCCUAGUAGAG,0
GGUUACGUCUCGGGGCCAAGCCCGCACC,0
UAUUCGCGGGUAGUGAUUAAUCGGCGUU,0
GUGGCCGGUAUGGGUCUCAGGUCUUUCC,0
UUACUGGGGUCACCUAAGUCUGGGUAGU,0
GGAGAGGAUGUUGGGCAACUAUAGACCA,0
UGGCCGUCAGCCCCUGCGUAUUGGGAGC,0
AGCGCGGUCAGGCGAAGGAGGGAUUGUC,0
UGAUUUACUUGUGGUGUUUCUGUGUGUG,0
AACUGGUAAGCAGGAAUCAGGACCUACG,0
GCAUGUAAGCUGUCCUGGUGCCUUCGGG,0
UCUAAUAGUCAUGAUGACUCGCGUUGGA,0
UUGCAAUAAUGCGCAGGCACAGUCGAUC,0
UCCCGCAUUGUUAUCAUAACCACUAAAG,0
UGCACAACUCCUGAUUAGACUAAGUCUG,0
AACUUUACACAUUAGGAUAACUGAGCUA,0
GUUGGGAUUAACCUCUACGAGGGCUACA,0
UUGGGCACAUUCAGGCGAAUCUAAUCCC,0
GUAAUCUCGAAUUACCUAAGCUGGACCG,0
AGUUAUACCAAGGUUAGCUUACAUCGCA,0
UCCAAACUUGCGAUAUUCCUUGUACUAU,0
UAUCUUCAUUUUCUUUCAAUAGAAUUAA,0
CGUGUCUAACCGGCGUCGUUAUGUUCAU,0
GGGUUACGGCGUAAAGCACAACGGUCCC,0
AUACUGGCCUAGCGACUCGGUUUCAUAA,0
UUUGGAAUUGUAAGUUUAGUGUUCAUAU,0
CGUGCGUAAUACAGUUUUGUGCUAACGC,0
GUCCGUAAACGAAGUGUCUGACACAUUC,0
GUUAGCGUAGGAUACGCUCAAAUGGAAA,0
AAUGUUUCCAAUAUUUGUACCUAUACUG,0
ACUCUUACUAACGCGAUAUGUUGACAAG,0
GCGACCCGCUCUUCUGAUCGUGUAAUCA,0
AUAGAUCUUAAUAUUUCCCGUCCUUUUA,0
GCUAUCUUAGACAUUGCGUAGUUUGAAU,0
CCGCGCCAUGGUCACUUACGUUGUGUUC,0
AACUAUGAUAUACGUGGGUUAUAGACAC,0
GGUUGCAAGCCCACCAUGGCUAGACCCCG,0
CGAGGUGCUUAGGAAACCGAGUGCGGGUA,0
UAUAAUUGUACUAUAUUGAUGACAAAGAG,0
ACCCGGCUGGCGGGCGCGACCGUACAUCA,0
AGGGGGAUAAUCUGCCUAUGUUAUAGCUU,0
GUGGUACACUGACGGUGCGACGCUAGUGG,0
UACUUAAUGAGAUAAAGCAACCCCGUCGU,0
GCCGAUAUUCGGUUGGGCACGGUGGUCAG,0
GUCGCCGUAUCCGGCCGCCCUGGUAGCGC,0
GAGUUGUUUGCCAGUGCCAAAACGGUGUA,0
CGUUGAUUGUCUGUCGGCUUCGUGUCUUA,0
GCUACCUGAUCGGUAUACAAUUAUUAUGG,0
GGUGGGUCCACUCAGCCCCAUACCGCAAU,0
GGACCAGACACACUGCUAGGAGCGUCAGC,0
GUUUACAUAUAUACUCGAUUCAGGUUCGC,0
CGCAUCCGGCCUAUUGCUUGUACUUUGUC,0
UCGUUCAUGUAUACUGGUUCACAGGCCUC,0
AAAUCUUCAACCGAGGUGGUAUCCUGGGC,0
CCGGACGAGACUCGAUUGACAGUCCAGCA,0
AGAUUGUGUAGGAUAACAGGCUUAACUAC,0
CUAACAAUUAAAACUCCUAAGCAUUUAGU,0
UAAAGAACCCCUUAUAAGAGGUCGGUAAG,0
UAUUCUGUGGUUACUAGAUACAUUACGGU,0
CAACGCCGGCUCUGGUCUGUAGACACCUG,0
UACGAUUAUCAUUAGGGUUUUUGUCGGCA,0
AGGAACGGAAACAUGUAUCUGAUAGACAU,0
UCAUACCUCGUCGCAGAGGAGCUUUCAGG,0
CUUCUGACGCCGGUGUGGCAUGUCUGUGC,0
AAACCACGGAUUCCCAACUGGUGUGUUUU,0
CGGGCGUAAGUGGUCGUGGCGUAGCACAC,0
GUAGGUCGUCGCUCAUCUACAAUUAACCA,0
CGGUGAUACCUGUUUGAGGUCUUGACCCU,0
GUACUACCUAUGACGCGGGUACUUCUACG,0
GCCUGUUCCACUGAACCAGCGCCGUUACA,0
GUUCUACAGUUAAAGGUGCAGGCCAAGCC,0
UUUCAUCUAGUUAAGGUUUGCCCAUUAGC,0
GGCUUACUGCCCGGUCCCGCACGGGCGCC,0
CCUGUAGGUAUCAUAAGCUUCAGAUAAUC,0
ACCGCUGUGGAAUUAAAACCCUCUGGGUU,0
CGCAGGCUGUGCGCAUGCCCACUUAGCUU,0
UAUCCUGCGAUUACAGGGCUACACUGCCC,0
AGUGACUUUUCUCACACGGAGAAAGGGUG,0
CGAAAACUUGAUAGUCUAUUAACGAUGUA,0
CUGCCGGGCGUUGCAAGAUACUUCAGAGC,0
UGCCCUGUACUGCUUGGCGGACAUUCUAU,0
CCGCCUUUAUCCCUACCAGUCGACAUUAG,0
GCAACCUUCUUGUGGGCGAUUCGAAUUCU,0
CGGCUUGGCUUUCUAUUUUGGUCAUUUGA,0
AGAUAGAUUUAACAGGCGCUUUUCAGAUA,0
UUUGAGAAUACGUAUAAGACCAACCCGCA,0
UAGUAUAUGGGAACUUAAUCAAAAUUCAC,0
GCUGUUGUCCAUGGGGAUACGGCACGGCC,0
GGAGUGCGCGGGGUGCGCCGUGCGGAGCC,0
GGCGUAUGCUAAAAUUACUGAUGACUGCU,0
AUUACAACGUUCUUUCAGACCCAUUGAGC,0
UACUACAGCCCUAUUUGUGGGUCGUUCCU,0
CGGUCCGAGCAGACGAAUUGUCCAACCCC,0
GGCUAUUCCUAUGGCUGGACUGGCUUUUA,0
UUUAUCUUAUGAUAGCUCGUGAGAAGCGA,0
CAGAUGGGGCUGUUUCGAUUCAAGUAUAU,0
CUCUGCAAUAGCGGUCGGUAGUCGGUCCA,0
UACACCCGUAGUUCGGCUAGGACGACAAG,0
GCACUUUCCUGAGUCCCGGACAGGCUAGU,0
CCGCGAAGGUCCAUGACGAGGUAUGUUUA,0
ACGCCUUAACCCGGAAACUGCUAGGAAUA,0
UCGUUUCAUGAGAAAUACUUUGUUUUCAA,0
ACCCAAUAUAUUAGCAAUUGCCAACUAUU,0
ACUUACGUACAUCAUUAAAGAUAGUAGAA,0
AGCAUCAUUGCGUUUCCAGGCCUCAGCGC,0
AAGGUUCUCACAGAUACCUCACUGUAGCA,0
AGGAACACACAUCCUAAGGGUUGUCCUGU,0
AUUCCAGAAGGCAGGGUCGAUGCACACCC,0
UGUUCGUGUAGGGUGGGAUGACAGUAGUG,0
CCGUCGUCUGCGUGGCUUAUUGAUGAUGU,0
UAUCGCGCGUUCUAAAAGGUACGGCUCGA,0
UAACUUUCGAUGAUUACUUCAUUUCGGUU,0
CUCGGACUUAAAAAUUCGCCAGAUACAUU,0
ACGUUGGUUGGAGCUACAGUCGAACUAUG,0
CGGAAGCCAAUCGGACGACGUGAUCCGCG,0
UUUUUCUAUGCAUGUAAUAGAAAUAAAAC,0
ACAUCAUCUUUUAUUCCGCUGCGUUAUCC,0
CAUUUCAGAUCCCCCGUUGGGGCGCGUCA,0
AUGCUGACAGGAGACCUACCUAUUGCUCU,0
CCGAUGGUACUUAGCGGUUCGUCCUACGC,0
GAGCAACAACUAUGGACACUUCGUGCCAA,0
GGGGCUGCCCAGCUACCUAGUGUGUUCCC,0
AUGAACGCUACUCGUCUUGUAAUGAUGAC,0
GCGGCGCCUCAAAAGGGUUUGGUUAACAU,0
AUUUACGCUUGGAUAGUGGGCCAUCUCCA,0
AGCGCCAUUAGGUGUGGUCUUGGGGUGAG,0
UGGACAGUCUAGUUAUUUUGUUGUUGCGC,0
AUGUUAAGUUAGCUUCUUGACCCCGUUUU,0
UCUGUAAUCGCGCCCGAAUUAUAACCUUA,0
AGAAUUCGUAUUGAGAAUAGUCUGGAAUU,0
AAGCCUGGCUAGGGGUGUGCUUUUACUAG,0
AAAUGGGAUGCGGUCAACGGGCUUAGGUA,0
UGGAAAACGCACAAGUCUAGCAGCAUACA,0
CACGACUGUAUGUGCACGAACGUGGAAAU,0
AUCUUCCGACGGACCUUCAUGAGUGAUUA,0
UUGUGAAAUUACAUCCUUUAUAUUAAUUA,0
GCGCUCGCUACUUAGACCUAUGCUUCACC,0
CCUCCUUUUAUGUUUGAAGGACGAACGCA,0
UAUAAACUCGCCAGGUUGAAACAUACCGA,0
UCCGACCUGACCCGGUCAUAUAGUGCCUG,0
CCUCCGCCGCGCCGUUCGGCUCGGUGGGU,0
UGCGAAGUGAGCGUUUAGCAUCGAUCAAC,0
UGUAGGUCCAUUGAUUAUUCCUGACAGAU,0
UACGUUAAUUGCCAUGAUAUGUUUAUCCC,0
UCCCCGGCUUUCGCAGACCGUUUCCAUGA,0
AGAUUUUUCUUACUUAAUCGAGGCUAUGC,0
AUGUGGAUUUGGGCGUGUAAAAAACGCGA,0
AUAAGUAGCAAUAAACUCAUCCAAGGUAU,0
UAACUUUAUCCGAGGUUAGUACUGCUUAA,0
GAGACCGAACAGGCUCUAAUUUUUAUAGA,0
AGUGUUCCCUACCUACUGUUAUGUGGACU,0
AAUAUCUUCUUUUGGUAGUGGUUCCAAAU,0
CAGUAUAUCAGGGCUUUUAAAUAACGAUA,0
GGAUUUAUGUUGACCGUUCCUGCAAUCUG,0
CAGUAUCGUGUGAGACAGCCGAGGCUCUC,0
UACCUCGGGUGGUAACCUUAUUAUUGCGG,0
UAUAUUGUAAAGAUGUGUUUGCGAAUGGC,0
ACCGCCUAAAGCACGUUAUGCGCACCUCC,0
CCGAGUACAUGUAUAUUAUGCGGUCAUGC,0
GGAUUCAUUUGGACGAGUAUUACAUCAUC,0
GGCAACUUUCGGCCACGGGGAUGAUCGCG,0
CCUUUGUUAAGCCAAUAAAUAAUCCAUCA,0
UAUUCAUAUUACUGAAAAAGAUGCGAAGC,0
AGAAGAAACAAGUUCACGGACACGAUCGA,0
UAAUCAUUUUUAGAAGAAUCAAAUUUAUU,0
GCGAUGUGCCCGUCCCCGCUUCCGAGGCU,0
UGUGGGAUUCGGGAUUGCCCCCUGUGCUU,0
AUUGGCUUCAGGAUGUAAAAGUAUUGGGU,0
CAUCGAGCCUACGUAACUCAAAUGGCUAC,0
GAGUAUCAGAGUUCCUGGGCCUUUCAAGA,0
UGCACUCUCGGGACAUAACCGUAUUAUGG,0
UGCACCUUUUCCCUGGACCGGCCAUGCUG,0
UUGAGAAAUGCCUAAGGCGUAUCAUUGCU,0
AAACAUUUAAAACACGACGUAGACAGGUU,0
GAGACUGGAAUUUAUGAUCUAACGGAUUG,0
CUCAGCCACACGCGGGAGCCGAUGCAUUU,0
CUAUGUACCUACAUAAGGUAAUAAUUGUC,0
ACACUGUACAGAUUAUUGACUUCGGGCAC,0
UGUGACGUGUUAAAGUUACGAGGUUCGAA,0
AUAAUCUCCAUAUGGUUGCUACUAAUUGG,0
GUGCGGCGAGAGUGUAGCUGCUAGAUGGA,0
UGGUAUAAAAAGCUUGGGUCCCUUCUCGA,0
UGGCUCACCAACAGAUGGGACAAGCGGUC,0
ACGCACAACCUCUGCAGGUCUAGUUGUUG,0
CAUUGUCACCCAGUCGCCUUUACAUUGUA,0
GUGGACAAGGCGAGAUCGCUUGUCAAGAA,0
UGGCUCUUUGUGUGAAAGGUCUUAUGUUA,0
UGCGAAAUUGAUUGCCUGCGUAUUUACGU,0
UUAAAGGCUGUUGAAUCAAAAGUUAGCGA,0
UUCUCCCGUUUCUAGGACGCGUGCCCUCC,0
UGUAUUCCGAAGGACUCAAUACUAAUCAU,0
CCAACCUCUUGUUUGGUUUAGAUGGUAGU,0
GGCCUCUUUAUAGCCAUUGUCGAACCUAA,0
UCGACUAUAUUAAUCAACGUGUAUAAAAU,0
UUCGAAACGUUCGCAAUAGCGAAUGUUAU,0
UAACCGUAAAUGGAGGACCGCUCACGCCU,0
UAGUAAUCCCGAAGUGCUAUUAAAGACGG,0
UUUUCACGGUAUCGAUUCUGACUAUUUUA,0
AUUAGCAAGCGCUCUACUCAUGUGGCCAU,0
AUUUAAUAGUACAAGACGAGGGUCUGUUU,0
UGGUAAUGGGCGCAUGGUAGGCAAUAGUC,0
GGGCUAUCCCCUCAGUUCCGCGGGACUGA,0
UUAGAAUGGUUUUGGAUGGACUAUUCGUA,0
CUCCGCGGCUACCCCGCUCGUAGGUUGUC,0
ACUGGCCAGAAAUGGAGACUGUAGGGAUU,0
GUCCGUGAGUGGCGCUGAGUAUAGUUAUA,0
CCCUAUGGUAAUGAAUUGUUUGUCGAAAA,0
UGUUGACUCGGGAACCCGGUCACGCUCUA,0
UGAUGUUCCACACAAGGGGAGAUAUGGCG,0
UAUGCCCCGGGCCUUUCUCGUGCUUGAUU,0
GAGCUUCGCAUAUGUUCGAGGACUAAUUG,0
CAUGUAACAACUAAACCUUUUUGGAUGUG,0
AGCUGCAAGAAGGGGGUCGGCCUUUUGGG,0
ACUGAGUUUCGCGAAUCCUCCUUUCUGGU,0
GAGCCCCAGUCACAUCCGGCCGUGGGACG,0
GGUCAGACGCUAACACGGACUUGUUUCUA,0
GGAUGGUGAUUGCCAAGGUCAUGCCAAAA,0
GAAUGCCGACCAGCCGUUGGUCUCCCCAG,0
UUGACACAGCCAAGUAAUGUCUUGUGCAU,0
CGGUGUGAGCCCCGUGGCCUGCGGAAUAU,0
CGCGGAAGAUAUGAUUAGUCUUAACCGCG,0
CAAUUUAGUCAGAGUAUUUAUUAUAUAUA,0
ACACAGUGCGUUUUCUAUCAGAUCUACAC,0
UUCCAAUUUUAACCUCUCUAAUUCGACGU,0
AGAGAAUCCUAGAGCCCCCGAGGCGCAUG,0
GAUAUUAUCGAAAUAUUGGCUUCCAGAUA,0
AAUACGGAAGUACCUAUCUUAUAGAGAGA,0
GGGCGGCGCGUCGGUAGCGCCAACGUCGC,0
GUGGAGGUUCCUCUUGAAUGGACCCUGUC,0
UAGUUCUAUUGACGCAGUUGUCGUCGAGG,0
CCGUAACCAGGUUUGAGAAGCAACAUUUC,0
ACUAUCGGUCUAUCGACGCUGGUGUGUUG,0
UAAGACACUGAAUUCGCCAGCACAGUGUU,0
UUUGAUAUGACUAAAGACUGAGACCAAGA,0
AGGUGGCAUUGUUUGUCGGCCCAGCCAUA,0
GUCAAUCUCCUCCGACCGAGCUCAGUAAG,0
UUAUUGGAUAUUCAAGUUUAUUCUGUAAU,0
GCGAUUAUUCUGACGUCCGGGCCGGAGUU,0
UUUCGGCAUACGCCUUGGCUGUGUUAUCC,0
UAGUCUACGGACUUGUCCCUUGGGGCGUA,0
CUCGAUUCAAGUUGUGUGUAUCGAAAUUU,0
UAAGAACUUUCUGUUGGGCCUACGCUGUA,0
AAUUUCCAUUCCAGGCAACCGCGACGGUG,0
UAUGUCAUUGUAAGAUUACUUUUAUUCGC,0
GAGCAGCUAUGAUUAAUAUCUACCGAAAA,0
UGGCCAAGCAACGUCUUUUGGCCUACGUC,0
AGCGUAAAUUGUUAUGUUAGGGACUGAUA,0
CAGGUAAAUGUUGCAGCAUUAUCUUAACU,0
UGAUUUAGUGAUCCAGACUGUCUCCCGAC,0
UUGUUAUAGAUGAAUUGAUUGGUGAGGCC,0
CGUUCUCUGAUUAUCCAGGAACUGAGUCA,0
AGCUAAUCAAUUUAUGCUGAUGUGGUAUU,0
ACGAAUGUACCGAUACGUAGGAAGGUGUG,0
ACCUGCGGCAAAGCUAUUGUGUGAGUCGG,0
AUAUAUACUUAAAAGAUUUAAUUAUAAGG,0
CUGUACAUAAGAGGUAAUGUCAAAUAUAA,0
UGUCCAGCCUUCCCCUUUCCCGGAGGGUU,0
UUUACGAAAGACUGUUGUUUCUGUGACUU,0
AUGCCACUCGUGUAAUUUGUGUUUUAAAA,0
GAUCGUUAGUAUUUAACCAGAUGAGCGGA,0
GACUUAGGAGAUACCCAUACGUCCAGUUG,0
UCCGUAAAUUGUAGUACAUCAAUCUUUCU,0
AUGCCACAUAGAUCCGGAAUUAUGCGAAC,0
AAGCUUUAACCGUAAAAACUAGAACUAGU,0
GGAUACUUUACUCGAAUUACCGGAAAAUG,0
GCUACUCCAAUGCGAGCACAGGGCGUGUG,0
UAGAGAGUUCCACUUAGUCUUAAACUGAA,0
GCAAAUGCUACCACAUACCACUGUUUCUU,0
AUAUAUAGGGGGUUUAUGUGUGAGACAUU,0
UUCCCAAUCUUAUAUGGUUUCAUAUUAUG,0
AAAUGUCUUUGUGUCCAGACUAUACUAGC,0
GAUGCUUCUAUGAUAAGGUUGGAGGAUUG,0
AGGUCGACGCCCAUUUGUUCACCUACCUG,0
UCGGGUGGAGUACGUCCAGAGACACUAAA,0
UUCACGCUCUGGCGCGAUACCUGUCCGGA,0
CUUUGCCGUGACCAUAUGGUCUUACCUGA,0
UGGUUUGACGUGUAUAUGAGCUCUUAAGU,0
GCAGAUAUGUGCGCCGAAUCAGUUAGCAC,0
AAGCCACUCGAUUGGGUGUUAAAUCGGUC,0
GUUUUAUCCGCAGUCGUCAGGCAUGCCAG,0
CGGGUCGACCGAUAUGCCAGCAGCUGGAU,0
ACUGGUUUCCCUGAAGAAACCGAAAACCU,0
CGAAAGAUUUAAGUCGACUCCAGAAAUGA,0
UUUUGCGCGUCAAAUUACGUAUCGGGUAU,0
AACCCACUAUUGACUACUUUAUUCUUUGU,0
AAACUUAUACGGUACCAUAUGACAAACCU,0
AAAGAUGAAGAUUUCGUUGGUACGAGUGA,0
UCUAGCGUUUAGGCGGUCCGGCCCUUGGC,0
CUCGAUAAACUUCUAGUAGCUCGUAGAAG,0
CUUACCGACAGAAUUACUGGUCAGCCAUU,0
AAGUUUGUGGUUGCCCUGUCGAAGCGAGA,0
AGUCAACCGUCACUGAACACUCUAGUUAA,0
ACUAACACCAAUCUUCGCGUACGAGCUCA,0
ACAGCGGUUAGUUCUGUGCGGGUGCUGAA,0
GUUGCCCAAGACGGCUAAUAUUACGAGUA,0
GAAGGUGACCCAGCUGACCUGCUCAGUCU,0
UAUAACAAAAAGCAAACUAAGGGGAAAGG,0
UUAAUGGCAAUGCUGUUGACUGCAGUUUU,0
UUGGCCCUGUCGCCUUAUGUCACGGCAUU,0
GUGGGUGGAAAGCCUGGUUUCGAACCCGA,0
GACUCUUCGAACGUAGUAAUCAAUAAUGA,0
GAACCUCAUUGAGCCGCUUCGCUGUUCAC,0
AGCAGGUAAGGGCCUGAUGGCGGAUGGCG,0
CCAGUGGCAAGCUCUUUAUGAAGGUCUGG,0
AGCUUAGGACAUAACCUGGGUUAGGCCAA,0
GUGUCCCAAACGCUGGUUGGUGGGAUGUA,0
UGAGAAGGAGUUAGACGCCUAACUCAGAC,0
UCUUCACAGAUAUCAUACUAUUAGUGGGA,0
CCCCGCACCCGCGACGUGCGGGUCCGACU,0
UAGCAGUCGACGGCAUUCGUCCCUACAAU,0
CAUAGUGCGGAGCCAAAUCUUAUCGAAUA,0
UGCAUUAAUAGCCGGCUACCGCCCCCGUG,0
GGCGUGACUAUCGGGCCAAGUUUCUAUUA,0
AGAAUACGACGAGUAAUAUAAAAGAAGCG,0
AUUAUAAUUUUCGGCGUUUUUGGUGGUGG,0
GUGUUUCUAAGCGGAUACGUGUCGUUUGG,0
GAUUCGCUGUGUGCUCGCCUACUCCGCCA,0
CACGUGUUCCUCCGUCACUUAAUUAUUUA,0
UUAGGUCCGAAAAAACAAUAAAGAAAGAU,0
CGAUAGGCAAGCGAAUAGCAGGGAGGAAU,0
CGGGAAACUGUCCGAUACCGUUAAGUCUG,0
UACUGGUCAGGCAUCUGUUAGAAUGGGGG,0
GUGAUGAAUAUAUAAUUUUCAUUUAUUGC,0
UAGAUGCCUUAUAGACGAUACAGGGCGUC,0
CGAUCACGGACGAACUGGGGUCCGGUUCA,0
GCACUGGCACCCCGGCUCGGGCGGGUCGC,0
AUCUGUAUCACAGCGUGCGUCCCGUACAA,0
AGGGAUCCCUGUGUUGAGCAAUGUCCCAA,0
UUCUAUAGGUUGAGGACGUUUUUAUAGAA,0
CAGACCAGUAGUGAGCGGACGACUGUGCG,0
UUUGUGUGCUCGUCUCUGCGGAAGCUCUU,0
UGUGGUGAUGUAGGGUGGAUCACUAUGUA,0
GUUUACAUCAGGUUGCGUGUGUAGCACCU,0
AUGAUACGUAUAUGUUGGUUAAAUUGAUU,0
CCAGGUCGUUAGAAAAUUACGAACCUCGC,0
GUCCUCAGUUUGGGCGUAGGGGGUAAACU,0
AAAAGGCUGAUUAAAUCUGACAACCUAUG,0
CUAGGAUCACUAGGACCUUUUAAGUACGU,0
UGCUAUACAUUAAGACCGAGUAUGUGAAU,0
GUUCGCAGGACCAAGGUGCGAGCGUUCCC,0
ACACAAACUAGCAAAGUGUGAAAGCAAGU,0
AUUAAAUAUAUAAAAUAAGCCUAGCUUAA,0
ACUGCAUUCAGCGUCUAACCGAGGAUUGG,0
AACUACCAUCGGCGGUGACCGAAUCUAUU,0
CUGAAAAAUGUAACGAUCGCAUUAGUUGU,0
AGUUGUCAGGGGACAUUAUAGUGGACAUU,0
GCACUCAAUUAGCGUUUGAGGGCUCCGAG,0
CGCAUCUAUUGCCUACAUACUAUCGUGAU,0
UAGGGUUCACCGGUACAUGGCCUUAUCGG,0
UCCCCUCCGACCAAGGUGAGCUUUCACAU,0
GAAGUUGCAAUAGAUAGUGAGUAUUUAUC,0
GGUUCUGAACAAGUAAGAAUACGUGCAGC,0
GGAGCGCGGUAGGAACUCAUCUAUGAGGA,0
CCGGGAGGAGAGAAUCUACUAAAAGGCGU,0
UGCCAACCUAGCAUGCACUUUCGUCUGCG,0
UAAGGCAAUAUAUUAUUAAAAAUCGUAAU,0
CAUUUGGAAACAUAUUAUCAAUAACCAGG,0
AGGUGUUGACGGACGUCCGGUCUUGGGUC,0
CUGGAGCUUGUCCAUGUAAAGGCCACAAG,0
CGAUCUCGUAAAGUAUGCACACAGUUUGU,0
GCCCUAUUCCAUUUCUUCUAGUUCAGGUG,0
UCCAGUGAAUGCGCCGGGAUGGGCUCGCG,0
GAGGCACAAUCAGGGGUCGAGGCGCCGCU,0
CGUACACAUGAUAUUACAAGAUAUGUCAC,0
CUAAACUUAGAAAUACAAUGUGUGGACCA,0
UGCUGCGCUAACCAGGCCUCAUUCCGAAA,0
CGGGGUACUGCCUCCACCUACGUGAGGAA,0
GUGUUGCUGGUGUUACCUUUGGCAUGAAA,0
AUUAUCGUUCAUCUUGAGAAGAUUUCCUA,0
ACGGAGCCCAGACUACGGCCAUUUAGCCC,0
GGCUCGAAGAAAUGCCGAUUUCUUAGCGG,0
UGAAUGUGAGUGGCCUUUCCUUGACAAGG,0
UAACCUGAAACUUAUUCUCAGUUUAAAUA,0
CAAAGAUCGGCGAAGUCACGGUGUAUACG,0
AGUAACUAAUCCUAGUCUAUGGUUUAUUC,0
AUUAUUCGCCUUAUCUAUAUGGUUAAGUA,0
GCAAAAACCAUAGCUUGGGUAUCAUGAUA,0
GGAUAUCAUUCCUAUCGUUUAGUGACAUG,0
CCACGCUCCCGGUCGAUCGUUUCGGGGCG,0
CCGGUAGCACCGGUAUCGUUUGGAUAUUU,0
UGGUGCUGCGAAGUCUCAGUUUGUUAAAU,0
ACACGCCGUUAGAUCAAUAGUUUGUUAUG,0
CUGCGUAUGGCACUUAGCGCACGGAGCGA,0
AAUAUGCGUGAGCUCCCGAUCUGGGGUAU,0
UCAUAACUUCUACUUAGAUAACUAUCCUA,0
GUCCCGUCAAGUAAAUUACCCAUCCACUG,0
GGUUGUGGCGAUUAGCAUAGGAUCGAGGU,0
GUUGGAUGCUAGGAGCCAGAAGACAUACG,0
GCACACCCAGGCUCCAGUCAUACAUCGGG,0
UGUAAUCAACAAGAGAGUUCAGUUUUGUC,0
CAGAUUGGCUGGACGCGUAGGCCGACUUU,0
CCGCUCUUUAUCUAUCUGAUUGCUCUCUC,0
UAAGCGAUUUGACGAUGACGAUGUACUAA,0
UAUUUCUGGUUGAUGAUCGUUUACGUGCU,0
UUCCUUCUCUCUUUGGUAUACAGUUCGCU,0
UGGGUAACUAAUGCUUUUUAAUACCUGUG,0
CUGGUUGAAACUACUCUCACCAAUUGGAG,0
GUAGGAGGGUUUGGCACGACUCGUACGGG,0
GACGUAAAUUCAAACUACCUUUAGUGGAG,0
GGUGUACUAAUGUUAUUGGUCAGAUAGGC,0
CGGCAAAGGCAGCUAGUAUACUUUUAAUG,0
CCAUUCCCAUGGCGCAUCCUUCGGCUUGA,0
UCUUCACCUUUGAUAAGAAUUGUUUUGGU,0
UCUCUACCCUCGUGCGACCAGGGCGCCCC,0
UGCUAUGGUUGGUAAGAGGUUACUUGCGU,0
UAAUCUCGUAUGUAGCAAGGCAUUUUACU,0
AUGCGAAUGCAUGGACUUGAUCCAAAACC,0
CCUGUUCGAAUUCCGCGUUGGAUGCUUGG,0
ACGCACCCGGAAGGAUCAGCCGCCACAUU,0
AGAGAUGCCCGUUCUACGAAGCAAUAACA,0
UUUUCGCACAAGCGGAGGUGUAGGAGUUG,0
GUUGCAUUUUUUUCAGAAAAAUGUCCUAU,0
GCGUUUCACCCAAGCUGGAUUGAAGUCUG,0
CAGUGGAUGCUGAAAUGUCCGUUGUUUGU,0
AGAGGGCACGGGUUCGGUUAAAUUCAGAU,0
CAGGGGUGUAACAGUUAAUGGAGAGACAG,0
AAAUACUGCUCCUAAUUUUUCUGUUGUUA,0
GUCUCUUCGGAACUCUAUGUUGCAGUGGG,0
GGCUAUCGGAAUCGGGAUCAGCUGACCGG,0
CAGAGAUAGUGCAGAUGGUGUACCCGAAG,0
AGGUCCCAAUCGAAAACGUUUUUUUUAAC,0
CGGGCUAGAACUAUCAAGCUGGUCUUAAC,0
AGCCUCUUAAGUACAAAACCGGCUGCCUU,0
UAAUAUAAUUCCAGGUCGAUUCGCAGUAU,0
UUACUAAUCCUCAUUAUAGUUUUUAACCG,0
AGCGUCCAUUACUAUUGAAUUGCAGGAUU,0
ACGGCUUAGGGUCCGCGGCGGGAAGAUUC,0
ACCGACCGAUGCCUGCUUAUUUCGUAGAG,0
GAUAAGGGAAGUCAAUCUCAGGAAUGUUA,0
GCCUGAGGAUUUCUUAGUCCUUGGUUAUA,0
UUGUAAAUUUUCUCUGUACAUUUAAGAUU,0
CGACUCCACCUGUAGCACGCGCGCAGCAG,0
GAUAUUAUGCCGGUGGAAGUUAUCUCCCC,0
UGUUGAUCGUUCUUAGACACUGCUCUUGU,0
AGAACAAAAGAUUACGUUUGUACGUUGUU,0
UGUUGUUUUGUCGGCAGCACUUUGUUACC,0
UCGAUUAUAUGGCAAAAGAAUGUACUAGG,0
UUUAUUUGUCGCCAAUAUCCUGUGUCCAU,0
CGGGCUGCUGGUGCUAUAACGCCGUCCGG,0
ACUAAUGGUUUUUUUUACGUCUGUAAAAA,0
UGGGGUCCUGUAGGCCUUGCGUCCCCGUC,0
GCAAUUCGAGGCGGACCUAACACCGGCAG,0
UGAUUGUAUUUGUGAUUACUUUUAUACUG,0
UCGUAACUACUACAUGGAUCCUGCAUCAA,0
AGCGAGGUAAAAUCCGUCUCACCUAGAUC,0
UUCUCGGGAGUUUUCCAGUAUAACUGGUU,0
UGUGUUGCCUGCUCUAACGAGGUGUACCU,0
UCGGACGACUAGUUUUAAUAAGACCGGUU,0
AGUGAUAGCCGUACCGAAACCACCCCUCGU,0
AAAAUAUGUUCGGCCAGAUCGCAUCUUUGA,0
GCCUAGGGCGGUUACUUCUGGCCCUUAAGU,0
UUAGUAGCUACUUUUAUGACUGUCGCUCCC,0
AUUGCUUUAAUUCGAUGGACCAGCAGGUUU,0
GUUGUUAUUUUUAAGUCUUUUCAGGGUACA,0
AAGUGCUUGGCAUCCUCCGCUGCUAGUACU,0
UGCGAACUCAUAUAACGGAAUGAUAAUUGA,0
GCUAGUGGGGUGCUUAAGGCAGCACCAAUC,0
UUUUGUUGCACAAUGAUUUUCCGACGCUUU,0
GCCCAGUCGCGGGGGGACUGCGUCGAGGCA,0
CGCUGAUUCAGUCAUGCCGGGUCGUGAGGA,0
AGGUCACUUUCCGUCUGUUACGACACUCUU,0
GUUAUAUUUAGCUAAUAGAAGACAGACUGA,0
CUACAGGUAAUUCUAUUAAUGAAGAUCUCC,0
GAACUGCCGGGCCUGAUAUGAGGCAUAUUC,0
UGUAGCAGUGUAUGUCUUAGCGAUAGAAUU,0
CAGCGGAUGGGGACCAGGGGCGACCGUGGG,0
GCAGUUUUUACUAAAACCACCUGGUAGGUC,0
UGUUUCGCUAAGUCUAUUAGCUACUGAGCG,0
UCAAGUCAUUCUUAAUAUAUCCUGCAAGGC,0
GGUUAGUGUUAAUAAAUGGAUGGAAAUCGU,0
GCAAGUAAAAUCAACUUGACUUUACGAAGU,0
ACUAGCGUGUGACGCCAUGCAUCGUAAUGC,0
AUGUAAGUUAACUCUUUGCUUAUAUCAGAG,0
GCUUCUAAAAACUAUUGGUGAUAAUCAACU,0
AUCGCAAUUUUUUGGCAGUAGCCUUCGUAA,0
UAGUGUGGGACACUCAUCAGACAGAACAAC,0
UGAGGGUUGGGGGGCGUAGGCUAUUCCAUC,0
UGGCCGAUGGACGUGGCGCCGGCGGGUCGC,0
AACAGUCCUAGAAUAAGGCAAAUAUACCUA,0
UCUGAUCGUAUGACAAAAUAAUUGUCCUCU,0
AGUUCAUCUAGAUUGCACGUAUUCGAGUCU,0
UGACAGACUCAACCAUACUAGAAACGAUGU,0
GCCAUUUUAAUACUCUGGACUGGCAAUUAC,0
UGGUAUAAAUUGGCCUCCUGUCCUUACGUA,0
CCCCGCAGCUUCGUGUGCGCGAGCGCGAUC,0
UGCUACGGAGACAUGCUGCUAAUGCCCCCU,0
UUUGUUAGAAAGAACAAUCCUAGCUCUCAA,0
GUGGCUGAAGCGGCGGCCCCCUCCACGUGC,0
AGGCAGGCAUGGUCGUACUACUGACUCCCC,0
GGAAUGUUAGGGUGUUUGUACAUUCUCACA,0
GAUAAUAUGUAUUAUAGGCGUGGUCUUCAA,0
GAUUACCCAGAUGGGGGGAUGUCUGUCAUA,0
GAAGGUGGCACAUGCAGCGCCUAGAGUCUU,0
GCCGUACGCGGUGGAUCAACCCUGUUUGGU,0
CGUACUCACUUUUGUUUGAGGUGGGAGCGA,0
GACAUGUCGCAGUGGCUCGAAAUAUAACGU,0
GCAUGUAAAGGAGCAUUAGUAGCGUUGCCG,0
UAUUCUGAAGUCGUCCCGAUAAUUUAAUGC,0
UCUUAGUCUAAAGCGCAUGUUGGUCCGUUA,0
AACGUACUGAGCCAGCUCAUGUAGCUUCGA,0
CACGCGCGCCCUGGCCCCGCGGGAUCGUGC,0
ACAGUCUUAAUAGCAUGCAGACCUACUCGU,0
GCUCAAAACUUAUCAAGGCCAAGAUACGCA,0
CAAAAGUGGGAGUUAGACAAGCCUUGGCUU,0
UCUACUGUUCUCAUGAGUGAUUUGUGACGA,0
GCAUAAUUACCUUAAGAGAAUACUUUACAG,0
UAUCAAGUCGUCAGAAGAUUAUAUGGUAUA,0
AGACAGAGUAGUAGGUACCCUCUUAGUAAU,0
AAACUGAUUGCAGCCCAUCACUGCGAUGGA,0
CUUGUAUAGACAUAUCUCUACUACAGUCCC,0
AGUAGUUAAGGUUCAGCAAGGCAUUUUCAU,0
GUAGGUAGACAAUGAACCGUCCCUUCUCUA,0
UAGCACUUGGUUUCGUUGCCGCGAAUAUGC,0
UCUGUGGGGAUGUGGAUUUAACGAGCAUUC,0
CUCAUGUAUCCAAUAAUAAGUGGGAUAAAU,0
UCUGGGCGGGCUUUACCGAAAGCGAGGCUA,0
UAUGCAAGCUCCCGUAGUCAUUAGCGCUGG,0
GACGCGCCCGCGCCCUUUGAUCUGCUGGAA,0
AUUAAGAUUACUCGUGUGUCAAACUUAGGU,0
UAUCGUACUGCUAUAGUAAAUCGCGGCUAA,0
UGCCAUGUGCCUGAGUGUUACACUGAUUGG,0
AGUGUAUACCAAGAACCUAAACGAUACAAU,0
UAUCUUCGCUCUCCGGGUUUGUUUGUAACG,0
UAAGAGGGUAAAAAAUGGAAACGAUCUUAC,0
CGAUAAGACGUUAGUAUCAAAUCCAAACUC,0
CUCAGGAUAUAUCCGACGUGCGCAGAAACC,0
GGGAGUCGUACUAUUAGGGUCUAGCUUGUC,0
CUUUAUCCCGUUGCACUCCGAUUCGUUAUU,0
CGCGGGCCGCAUCUGGUCCCGCCGGGGCAG,0
CGACCAGUGACGAUCUCUUGAUCUGUACUG,0
CUUAUCAGAAACUGAUAAAGUUAAGAGAGU,0
ACGUCACUAAUGCUGUUGUAAUUCUCGUGU,0
CAUAGCACAGGUGGUCUUUUCUGUCCAAAU,0
GCUACUCUUGAGGAUGCUGUAUGUGAUCGG,0
UUUAUUAGAGUGUUUCCUCUUGGUUCCAUU,0
CUUUGAUCAAUACAAUACCCUUUUCUGGUC,0
AGGGUGACUCAAGCUACGGCAAAUAGUUUG,0
UAGUCUAUCUAGUUGCUAAAAAGGCGGCAG,0
UCAAACUACACACUAGGGGAGAAUGUAAUA,0
UAGGACUAACCUGGGCCCUCGUUUAGGUCA,0
AGUGAAUAACUAGCUAUCUUCGCCAGUAUG,0
CAAGUGUUGAUGUGUCAGAAAAGUCACUGU,0
UAGAUGGCUUCCACAUCGAUUGUCCUGGAG,0
UCCGUUCCUGCUCUUUGAAUCUAACAGGGU,0
GCUCCGAGGCUGCCCACGUAUGACGUUGGC,0
GGGAAGUGGGCAGCGUCAUUCGCGGUGGUC,0
UUAUUAAACCAGUUAGACUUAAAGAGAUCU,0
CCAAGUGCUACAUAAAUGGAUCUACUUUUA,0
ACACGAAGACGAGUCUCGGCGCUGGGUGGA,0
AACGAUUCGUUAGAGUAUGGCAUAAAGUAG,0
CGCAAUCCUACCGCCACCAUACUCGUCCCA,0
AAAUCUUGUGGUGUUUAGCUAAGUUCAAAU,0
AUUAGUUUCCCCCUACCUGCUUUGACCAGA,0
CAACCCUCGCAGCCAUUGCAGGAGUUACCG,0
AUGAUUGGCAUGAAACGUCAAAACGAUUUA,0
GUCCCAAGCGGUCACUUCAUUCGAAAGUUG,0
GUGACUUCUCACUCCAAUACCCACAAUGUC,0
CUCAUUAUUCAUCGAAUUUAUCUUAUUCUA,0
GCCAUGGCUGACGCUACAUAUUGGUCCCGC,0
UACAGGCGGAAUCCUAUGAGCUCAGUCGAA,0
UCAGCAAUUCCCGUAGACUUUAGACCUACA,0
CCGCGAUCCACGGCUUAUGCCCCGCCCUUG,0
UAUUCUUUUGUAUAAUAUCCUUCAUUGGGC,0
CAGAAGCAUAAUACUUUAGCUAAGAACGAA,0
GUAAGAAAAAAGGUGCACGCGGCCGGGUUG,0
UCUAAUGUUUAUAGAGUGGUCGAUGACCGC,0
UGCUUCCCGAAGGGCGAGUGAUGAUGACGU,0
AGUGUUAAUGGCAGGUCUGUCUCUCAGGAA,0
GGAUAAUAUCAAUCGCAAUAGAUUUAAGAU,0
UCGGCAGCCACAUGUGCAUGUAAUUGAAUC,0
CGUCAAACCGAGUAGAACACCCGCAGAAAU,0
ACCCAGAGGCUACUUUUAUGCUGUAGGCCU,0
CGCAUACAAGCUUUUCAAACGGCGUGUUAG,0
AUAUUUGGAAUAGAGUAAGCAGUGAGUUUU,0
AACAAUUGUGCCUACGCUGACGGAUUACCU,0
ACAGUUUGUAUUGUGCGUUAAUAGUUUGAC,0
GUGUUAUCCGUGCCAUCUUUAACCAAAGUC,0
AGUUUCUGGCGGCACAUUUGAGGGGCUCGG,0
UUGACUCGAAACAAACACGGUAAGAAAAAG,0
GCGUUUUUCGAGUCUGGCGUCGCUUUACUA,0
CGGUUAAUAGGAUUACUAUAGAAGAUACGA,0
AUCGCAGAAUAGAUUUAGUCGCCUUUCAGU,0
CGCGUCCGGUUGUCUCACAGGCCAGUCGAG,0
CACGCCUUUGUUUCUUGAGCUACAGCCCGU,0
AGGCGCAUGGUAAUGAUGUGUAGUCUAACU,0
AUAAGAUAUUAUUACCGGCACGACGGACAA,0
UGUGGUUAGACACCGCCAGCUGAUUUACCA,0
AAUACAUAAGUAUAGUUUCGUUUUCAUCGA,0
UCUGAUUUAAUACUACGUUUCUGUCGAGUU,0
ACGAAGUGGAGUACUAGCAGGGCAACAAGU,0
AGUCUAGCUACAUGUAAGGUCGCAUUAGCC,0
GAGCCCAGUUGCCAAAGCGGCGUUGUUAUU,0
GUGUAAGCUUUCAAGGGCUCAGAAGGAGUU,0
GUGUAGGCUAAGUGUUCAUAUAAUAGGGAG,0
AACUCUGGAAGUGUUGUCUAGGUGUUGCAA,0
CUCCUAAAUCGUGAGAAUUAGGAAGAAAAC,0
UUGGUUGGGAAUAAUCAGGCGAACCUGAGG,0
UAAGCCGCCGAUAUCUAGAGACAGCAGAUU,0
UAUUUGGAUAAAGAUAAACAUUAUAGAAUC,0
UCCUCAAGCUGCCCACCCGUGGUCUGACGC,0
UAUUAGGCGGAUACUCGUUGAAAUUGCUGG,0
UGUAGUGUCAGUAGCCUACAACGGUCUCGG,0
GCAAUUCCGAUAGUAGUAUUAAUAUGCGGA,0
AAGUGAUUGCUGUGACAACUACGGGUGAAU,0
UGUACAGUCACUAUUUGACCACACGGGUGC,0
UCACCCCGUUAUAGUCCCUUUAUGUUCCAA,0
UGCCUACGACAAAUAUGGAAUUACCGUUCC,0
UUUUGGUGAGUAAUCAGGAAGCGCGGAUUU,0
UAGAUUUUAGUUGUAUCCACGUUAGCGAUA,0
CGAUCGGUAAUAUAUAUUUAAGUAAAUAAU,0
ACCGGGAAAGCGGUGGCGUCUUUCGCGUAU,0
UGAAGCUUCUGUAGCAGUCGCCCGUUCCAU,0
CAACGAGGCUUCUACUAUUCUUACAGGGAC,0
AAUGUUCUUUAGCGAGCUUUUUUUAGUUCU,0
UCGAUCUUAUGCCAUUUUAUAAGAUAUAAC,0
CGUCUUUUUUUGAGGCGUUACCAUGGAUAG,0
UUUUUGUGGGUUGCCGUUGCAGAUGAAGCG,0
GGCAGAUGUUACAUUCUUUGUCAAUAAUAC,0
GCUCUAUGACAUAUGUGGUGGUACACUAGG,0
AUAAAUCCACUUCACCAAAUGCUAAGUUCU,0
CAUUAUGUUGUAGGUGGGGCUGAGCCCAUA,0
AUACAAAAGUCAAGUUUAUCCCUGAAAAUU,0
UUUAACAUUUUACCUAAUGUGGAUAUUAGA,0
GCACCAUGGCAAGUACAGUUGGUAGAUUUC,0
CAAUCGUUUGAUCUUUUAACGUUGAGGUAG,0
GGCGAGAUCCAGUAGAGUUCUAAAGUGAGC,0
UGUUUAGGACGAUUUAAGAGCUACUUACGU,0
CGAAUUAUGCCGUUGUAGUUGGAAGUUCUG,0
UCUCUUAGGUAUGCAGACUAAAUCCGUCCC,0
GGGAUUUCGUCCUGACGUCUGCAGUAGCUU,0
AUUCGAGUAGGAAGCUCGUGUAAUAGUCUG,0
UGAGGAGAGACUUUAUCACCAUCCCCCGCC,0
GGUGCAUUAAGUAUUACUGUCGCUCCGACC,0
UCUUUUGGGGAUCAUUUUUGUCAAAGUACU,0
UUUAAAAGUAACCUCGAACUAAACAAUAGU,0
UGAGACGCUGGUUUAUGUUCCAGGGAUCCU,0
UUACUAAGGGAUUCCUCACAGCUGAUGCGG,0
CCAGAGGACAGUUUGUCGUCAACCUGGACC,0
GACGGAUAGAGCGGGCCAUCCCACCUUAAG,0
AGUCCGCUAUAAAUUGUUGCUCAUAAUGUC,0
GUCACCUAACUGAACAUCCUGAUUUCGCUU,0
GUACAGCAGCGACACGCUAGUGAGACUAGA,0
GGUUUUCACAGUGCCGAUACUUGGCGACUU,0
UUUCUUUAGGCAAAUCUAGUAAUAAAAAAA,0
GACUCUCUCUGCGGCAUUCGAUAGGUGGAA,0
CGUCGCCGACGAUUGUCCGCAGGAUCAGCG,0
CGCUGCAGACGUGCGUUCAGGUGGCCCGCC,0
UCGCGGCGAUUGUAGAAGAAUAAUUGAGCU,0
CUGGUCUUAGGUUUGGCAACAAGGCUGUCA,0
UCGGUUCUGUUGAAUUGAAGUGUCCCCAUG,0
GCUACGAGUGAGAAUUUGAGGACUGGGUUA,0
GGAGGCCGCAGAGGCGGCGCGCUCGCCGCA,0
CCGGUUUACGACCUGCCAUCUUCUGUUGUU,0
AGAGGGUCAUACUGUCGGCGGUUCACGUUU,0
GUCAAUGUAGGCCCCUCCCUAACAUGUAAG,0
GGGACGAUCAAAAUGGUGCGACGUAAGGAA,0
GACUUAGUGGCCUACCUUUGGCUCAUCGUG,0
CCCAGCUUCUAAUUCCGCCCUACAAUACGG,0
GGUUACCUCUGUCAAUUGUCAGGUAAGUGA,0
UCGGGCUAGUGGCGCGAUAACAGCAGUAAG,0
AUUAAUCGAUCGCCGCUGUUUGAGUAUUUU,0
UUACCUGGAUUUUAAAAAUCAAUAGUCAUA,0
GGCCGGAACGCAGCUUCAUCGCAGGAAAAU,0
ACUGGACCGGAAUACCCAUUUCCUAGCUUC,0
UACGCGGCUAGUCCAAUUUAUAAUAGCACU,0
AAGUCAUGGUGGUCUGUAGAUAUAUGGGAC,0
UACUGACGGAAGGAUAUGCUCUUGGUGGUA,0
AUCCAUUAUGUUUCAAUCGAAGCAUGACCA,0
CAGAUACAAAUAAGGUCUUCGAUUUAUCAG,0
CCACACCCGCCAUGUAAACUACGUUA,0
AUCUUCGGGCACUUGGACUUGAAAAUCGCC,0
AAGACGCGCUAUCACGAGUGGUGUAAUCGA,0
UAGAGUAGUCAGUGAGCAAUCCAUUGAUAU,0
AGUAAGUAGCCACGUGAGUCUAUCAUUCUA,0
CGGUAUUUGUAGGUCUUACGACAUUCGUCA,0
GCAUCAGUGUUGUUCUCUUGCUGAGCGUGG,0
GACCCUUCAUAGAAGACCGGAGGAGACGCG,0
ACUUAAAUAUGCCGUACACCGAGUGAGUGC,0
UUUUGACUCAAAGGUCACCCUAUGAAAUCC,0
UCUAUUGGAAGCAUCGCUACAUUAUCGAGC,0
ACCGGUGAAUCAUUGGUGAGACCUGGGUUU,0
UCUGGGGUGUGUCAACUUUUUGUGUACUUA,0
UUUUUAAAGGAUACCAGUAUGACAAAGAAG,0
GAUAAUUAGAACGGCUACGCUAGCCCGCGU,0
UUGAGUGUAACGCGCUGAGCGGGAAUCGUG,0
UAGCUCACGUACCUGUAACGGCUUUCGACG,0
UUUGUUGUAGCUGCUCAUGUCAAUACGAUG,0
GACAGACAGCGAGCUCGAAUCGGUAGGGGU,0
CGUGUCAUUUUUUUGAGCUUGGAGCGAUGC,0
AUUCCGGAUCCGGCUCGUACUGACAGGAUC,0
AUCUUUGUUGCUCUUAGUUGAUGGUAUCAA,0
UAUGUGUACAUGUUGAUAAAUUUUGAGCAU,0
AGGCAGCAGUCUAUCGGGAGGCAGUCACCG,0
GGACAGUAUUACUAUUUUCCUUAUGAUACC,0
GUAUUUUGAUUUUCAUCCCUGGGCAUUUUG,0
GAUUUGAAUAGCUAGAUACGUUGACCUCAC,0
ACUGACGGGGUAGUAUUCGCCGUUGGAGGA,0
CCUUGUAAGUCGGACAGUAAUUCCGCGCUU,0
UCUUUUAACUAAUUUGCAAACCAGCAUCUC,0
GUCGGGUCAUUACCUCCGAUUCUAAUUAUA,0
UAUAGGUUGUACUCCAUUGCGAUACGUUAG,0
AGGAGCGGGUUUAGGCGAACUUCAGAUAGU,0
AGUAGCAUCAAAUGCCAGUAGAAGCUAACA,0
AAAUUUGUUAAGUAGAUAUCAUGUAUGUAG,0
AAUGACGUGGCAAGUGAAGUACGACAGUUU,0
GAGGACCAAUUCCAUCUGGGGAAGUCAGAC,0
CAUGCUGUCACCUGCACUAAAUUUACUCUA,0
AGCUGUAAGUUCACGAUACGGAUUCGACGU,0
AUUGACUCUCGGUCACCUGCCACGCACAAC,0
UUCCGAGGCCCCAAGGGGGUUACCAGGGAU,0
CUCUAGUUACGUUCCGCGGGGCGCAGUGUG,0
ACCAGCGGCUUGACGAACCAGCCCCAUUCU,0
UACUAGCCCCUUUGCAGUACUAAUUGAAGG,0
ACACAGCCUAGUAUCCGCACAUCAGGGGUA,0
AGGGCGUUCAGUGAAGUCUACUUUGUCGGU,0
GCGGCUUUGACCAGGGGAAGAAUACGUUCG,0
GGCGUGUGGGAGGUGUUAUAGCAGCCUUGA,0
UAUUGAUGUCAAGGACGUUGUUGCACGCCA,0
UCAUGGUCGAAACUUUCUCAGGCGCGGUCU,0
CCGCAUUCAUAACAGCUGAAAGGUUACUAA,0
ACAUUCCAUAGAACCUUGUUAGGUAAUUCU,0
GGAGCGGCGGGGCCCGUAGCUGUUUCUUAG,0
GUGUUGCUCAAACUUAGCUUGCUCGACAUA,0
UGCCUCCAAGGAAGGACGUUACAGGGGUGG,0
UUUACGGUGUGGGUCUAUCAAAUUACUGGA,0
AGUAGUUAUAACCCGAAGCUUUAGAAUUCG,0
GUUUAUAUUGAUAGGUUCUUUUGGUUAAAU,0
CGAUGUAAGCCAUCAUAAAAUGUAUUUCCA,0
GAUGGGGCAUCUGCCUUUUUGGAAGUGGUU,0
UUAUGUUAGAUGUUGAGUUUAGACGCCAGU,0
AAGAUCUCCUAUCCCACGAUUUGAUCAUCC,0
GUUAGUCAGUUUGCCUCAUGGAUCAGUGUA,0
CAAUUACGCGCAAGCGUUGGUUGAUCUAGA,0
UGCGCUACAGUACAUGAUCUAUUUAUGGCG,0
UUGCCAGGAAUUUUGCAGUCGUGGUGAGAG,0
CCUCUUUAUUAUGAUUAUAGGGGAUGUGAA,0
UUCUCGCUGGUUCUUAGCGGGGACUGUCGG,0
UAGUAUGUACUUUCGUAGUUGAGCUGCGUG,0
UGGUGUGGCUGAGGGUCGGAGAGAAGCACG,0
CACUAUUGUGUAUUCUAAGUUGCUGAACUG,0
CUGUACAGAAACGGCUAUGCAUUCCUGCAG,0
AAGUGGCGUGACGCACGUGUCCGUUCGAUA,0
UCAGAACGACGAUUGUGAGAUGUGCCCAUU,0
CUGAGUCAGGCGUCUUUUGAACCCUGUUAC,0
CCAAACAGUAGGCCACCUUCAGUUGUUAGC,0
GGUGCAAUCAACGAUCAGUGGAUAUUCGAU,0
UUCACCUUGCAUGUCUCAUUUGCAUCUGGU,0
AAAGUUCUAAGACACGACACGUCGAGGUUU,0
UGACUACUUUCGUUUGUAUUGACGAAAGAC,0
AACCUGCGGCGGAUCCAAACCUGUUCAUGC,0
UGAGAUGAAAAUUCUGCGAAACCAAUCCAC,0
AUUUACCCAAUUCUUCGUUUCAGUAAUCAG,0
GUUAGUUGGCGGCUUUUUUUCCGGCAAGAC,0
ACGUCCCAGAAAGCGGUUUACCUGGGGUAG,0
UUACCAGCAUAAGUGAUAACGCUAGCUCUG,0
AAUGGGCAUGGUUUUGAGUAUUUUCUCCGU,0
UCCUACGUGAAACUCUAGAUUCGUUCCUUG,0
UACACUUGGGUGGUGAGCGUCCCAGAGUAC,0
AUUCGAAGACUUGGAAGCUACAGACCGUCU,0
UGUCACAUCUUUACAUUUCAUAUUCACCCC,0
AAACCUUCAGUUGGCUUGUAGUUUAGAUUU,0
AAGUGCAUUUGUUUUGCCUACAAACUCUCG,0
AGCUUAUGAACCUGCGGAUUCAUCGUCGCU,0
AAAUGUUGUGUUGCGAUAUAUAUUUUUUAU,0
CGUUGUGUUGGUCGUAUUUCCUAGUGGGAG,0
UUUUUGCAAUCUAUAUAUAACUGUUUUGUC,0
UUGUAGGCCGGGAAAUAGAACAGGGUCGAC,0
AACUAAAUGCAUUCUGGUUUCAUGUAGCAA,0
UUAUUUCAUUAUCUAUCGAGGACAAGUUGC,0
CGUAUGAGAUUGAGGCGUCGAGCCGAAUUG,0
CAUGAUCGAUUCGGUAUCAGACAAGAACGU,0
CUUAUUAAAUCCGUAAUGUUUUCUGCUUGG,0
GCCCUAUCUGGGUUCCGGGAGCAUCGCGAG,0
UGUAUGCAUCAUGGUGGUAAACGACACAGG,0
GCCAUUCCGCCCGCAGCCGUGGAAAGUGCC,0
AAUUAGAAGCCAAUUAUAUGGCGGUGGGAC,0
GAUGACGAAUGGAUACUUCUACUUAUAUGU,0
UUAGGUGUCCUAAAAAUUGUAUGUGGCUAG,0
AAUUUGAGGAACCUAUCAGGGUAAUCCCAU,0
UAGAAUGAGAGCUUUUGAUAAGGUUUCUCU,0
GACGGUUAAUCGAUGUUGCCAGCGGAAGCG,0
UGUAGGACAUCGUGCUCAUAAUCAACGGUA,0
AAUACGCGAUGAUAGAUACUCACAGGCCCG,0
CCUUUAGGGUAGUUAGUUACGUUCGAGUCG,0
CGAGAUCAAGUUAGUUUACAAAUGUUUUCG,0
CAAAAGUUAUGAUUUCGUCUGUGACUUCAG,0
GGUUUCAGGUAGUGUUCGCGUGGAAGCCCA,0
CGAGCCAGAAUCCCGACUUGGACGGGUGCG,0
GUCGAUAGAGUCAGCGCGGAUUUAAUUUGC,0
AUAGUAAAGACACUAUUUAACUUAUGUAUC,0
UUCAUGAUUUUCCUCGUCAACAACAUACAU,0
GUUAAUUAAAUCUAUAGUGCCUGAUCGUAC,0
AGGCUGGCGACCUCUGGAACCAUAGCGAAC,0
AACUUCGGACCGAUGGCCCGUCGUAAUACU,0
AGAAUAUUCAUGGCAGAAUCCAAUCUCCAU,0
CCGUGAUGUGUAACGUAGGGUUUCAAAGUC,0
ACUUUUCGAUGCGAUUGUUGAGAUAAUAGA,0
ACUUCAGAAUAUCUAAGAAGAAUUCGCUAG,0
GUAUAAGCACUCAGGGUCGUCUGUCUGAGU,0
GACUGAUGGGCUUUUUAUAACACCUAAAUG,0
CCGGCGAGGUGCCGAGCUGGGCCUAUUGGU,0
UGACUUUAAAUCAGAAGGCUCUCGAAAUAG,0
UCACAUCCCCUCUGGGUGAAGCCACAGGU,0
UGGAGCUGCGCGCAUGAGCUAUAACCUAUU,0
GGGAAAUUUCUGUCCCUGGUACCCUGGCUU,0
CGCCCGGCCCUCUGCGGGCCGUGUCAGGUA,0
UUUAGAGAGAUCUACUCAGAGGGCUCUGUA,0
CCUCUGCGCCUAUCAUAAUGGGCGCGGACA,0
AACCUUCAUUAUUCCGAACCGGGUUAAGUC,0
CUUAUGUGGAAGGGCCCCUUUCUUCUGUGC,0
AGAGAACUGAUCCUAAGGAAUUAGAUCGAA,0
UAUUAUUGCCACCGGUUGCGGCUUUCUCGA,0
UAGGCAAUUACGAGUGCAGGUCCUGUCCAG,0
AUACUGUCCAUUCAAUCCUGAUAAGAACCA,0
GCGAAUAUGUUUGCAACAUCUACGCUGACA,0
CCUGUGGCAGAACUUGUUAUCUGGACCAAU,0
UCCUAUCUUACCAGAGAAUGCGUUUCUGAU,0
AAGAUCGGAUAAACUAGAUCCAGGGUACAU,0
GGUAUACACUACACACUUCAAUUGUUUGGU,0
ACCUCACAGAUGCAGCUGUUCCUCCGACGG,0
GGCCACGGGCGCAGGCGCGCGUCGCAGCAG,0
UUGGUUAACGUACAAUAGGAGAGACCUAAA,0
AUCCAUUCGAAUAGGGAAAUUUAUUAGAAU,0
CAAUAAGACUAUACUAUUUAAAAUUAUUUC,0
ACAUUAACAGAUACUGAAUCGCCCGGCGCA,0
UUAGAUGAGUCCUGACUUCGGCGUUGAUUU,0
AGGAGGUUGGCCUCAGCGAGGGGAGAGGUA,0
UCAGUUAUUUUACAAGGCGAGUGCCUGCGU,0
AAAUCGUGUCACUGUUGAGGGUUAUAUGUA,0
AUCGCGGAGGUUCGGUGGACUUCCGGGACA,0
GAUUCAGUAGGUUUAUCAACGGUCACAGCG,0
UCGGUAUUUGGCGAUUCAGAGUGUGUGUUC,0
UCUAUGUCGGUUGAGGACAAUUUAAUCGCA,0
GCCGCUAGGCCUGUCCGUCCAAGAUAAGUC,0
GGUAGUCUUUAUAUCGCUUUUCCGGUGAUA,0
UGUCGUUGUCGCGGAUGUUCCGGCCCGUUA,0
UGCCAUGCUUGCCGGGUUGCAGCUUGUACA,0
UCGUGGGUUUACUAUACAGUUGAAAUAUGU,0
UGGUCCGUAAUCUCGCAACCUCCCGCUGCU,0
UUGACCGGAUUUCGUAAAACGAUGGAAUGA,0
CUAUUACCAAGUCCAUUUGCUAUAUAACAG,0
ACCCUGCGAAGCAGCAAUUUGCGCGGUUAG,0
UAAGAGUAUGUGAGCUUCCAAUCGCGGUCC,0
AGAUUGUGUCCGUUCUCUCCUUAGUGAUGU,0
UCCUCCGAUCAGCAGGUUAAGACCUCAAUC,0
AGAUAACUUAUAAAAAUUAUUACUCAAUAA,0
GACCCCAAGAACAGCCCCUUUCGUUCGGUU,0
CUUAGUCGAUGGUUUAAAGCCAUCGGCAGA,0
ACGAGUGUCAUAGGUAAACGUCUUCAUCGC,0
UUAUAAGGCUAUGGUCUGUUAACGGCAUCC,0
GAAAUUUUCUGGUGUGUACCGUACUAUUGU,0
CCGCGAAUCUAUGCAGUGUUUAACUUCCAU,0
UACCCAUUUCCCGGUGAAUUGUAACAGCUG,0
UAAUAUAUGUAAUUUGCAGUUAAUUGAUUU,0
UAACGCUUGUCCUGCUCGAAGAAGGUUAUG,0
GAAUACCGGUAUUGUCGCCUUUACAACCCU,0
CAAAGUGUCGGUAGGCUGUCGGCCUGAAUC,0
GGUUAGUAGACGUCCUUUUAUAUUCUGCAC,0
GUGCCCCGCGUACGGGGAACCAUCUCGGGG,0
GUCUUAGAUUUAUAAAAUCUUGAAGCAAUU,0
UAAAGAGCGCCAUACUUGCAAUUUCUACCC,0
GCUACGACCAUGCAGAGCCCACUUUGCGAU,0
UACUCUGUCACUUGAAUUAUAAUUACUCAU,0
GUUACGUGACCUGAUCUUUGGGGUGCGACA,0
CUGUAGUCCAAUGCUAGCACAAAUACAAUC,0
UUCGUGGGGUGUGUUCCCAGAUAUUAGCGG,0
CAUUCAGCUUAAAGUUUCUAGCCCACUCCU,0
CUCAAGGAGCUUGCGUUACAUUCCUGUGGU,0
UAUUAAUUUAAUUAGUGAGACGAAUUAAUU,0
AAUAUUUCUGGAUUGGAGAAUUACUAAUAC,0
AACCGUAUUUAAUAACAGAGCUCUUAACAG,0
AGUGAUGUUUUCAAACAGGUGUGUCAUUUC,0
GCCCGCGAGUCAGGGGGGGCGGCGUGACAC,0
CCAGUAUUGUCUGCUAGUAACAUGUGAAUA,0
UCCCGCAGCGUCAUGACGCUCUCACCAUUA,0
AGCUGUGAUAUAGUAUCCCUUGAUGUCCCA,0
AUCAUGCUUUUAAGAGUGAUUACCCCGAGU,0
GCAGUCGUUUCCCACCUCCAGAGUUAGGAU,0
ACACUAAGAAGAGGCAGUCUAUAUGGCUUU,0
AGAGAGUCGGUUUAGACUAGGCGUCAGCGA,0
UGGUCCCAUACUUGCAAGGCGGCCCGCGGU,0
CCCGGCUACUAAAUUCCGGUGACGGGUCAC,0
CUUAUUUUCACAUUGUCCCCAAAGUCGCGU,0
ACUAGAAGUCCGUGACGUACGGUACAUCAC,0
AGAUGGCCAGAUCUGAGUUCUAUUGUGACU,0
ACAGGAACUCGCCGUUCUUUCGGUAAAGAU,0
GCGUAAGGCCUCGUGCCUGGGAUGAAUCGU,0
UCUUGUUUUUAGAAUGAAGGAAACCUGAGC,0
AACUGUGCCGCAUGCAGUUUAUUUUUGCUG,0
CAGGUUACCACCAGCGGUUCUCAUCUGACG,0
CCCAAAGACGGUCGGGACAUGACUAUCGGA,0
CUUUUGCACUACACGAUGAUGGCUUGGUCG,0
UAUUGAAGUGCCUUGUAUGAGCCGUGGCUA,0
UCCUACCAUUAAAACGUUAGUAUCGGUUUC,0
UAGUGUGGAUCACCUGUAUACAUUAUCCGG,0
UUGAUUAGAAGCGUGCUAGAAUUUGGAACA,0
AUUUCAGGAGAAUCCGUCCGAAUUGCCCAG,0
UCUGGUAUAAGUUAAUGGUACCAGUCGUAA,0
GUCCCCAAAUGAUUAAAUUGCAAGGGUUGU,0
UACCUUAAGGGACCAAUUACGUGGUAAUAU,0
GCCCAGACAAGUACCACUCCAAUUGUUUCA,0
AGUUUGUGGGACCAAGUUUGUCUUAAGUUA,0
UCUGCUGUUAUAGGCGAUUAUGAGCCGCCU,0
UCAAUGCUGUUCCUGCAAAUAGCUGUCCUA,0
ACACGGUCCAAUAUAUGUGGGAUUGCCCAU,0
GAAAGACGGGCUAGGGAUGAGCAGGGAGAU,0
GCUGGUGAAUUACUAAUUCACAGGGUCUCC,0
UCUAUGUUUACACAGGUAGGACGUUACUUU,0
AAAAUCGCUCUAGGUCCGGUGGCACUUGUA,0
AGUAUCAAGUCAUCCUGACCGAUUGGGAAU,0
GUCUUAUAUUUAUAAAUUUCUUUAGAGAAC,0
AUAUGUCGGGUGGGCCAGUGGUGUUGGCGA,0
AGCUGGGUUGUCGUUAUUCUCUCCGGUACC,0
GUGUGCUUAAACCGGCGGGGUGUAAGAUAA,0
AUGUGCAGAGGUCUAGUCCUUAGCUAGAUG,0
CGAGUAAGUUGCACUCUCACGGCAAGUAGA,0
UUUUUAUCUUGCCACACACCUUCAUGACUA,0
GAGCCCGCAGGGUGGCGGGCGCAUGCAACC,0
AGUAGGGUUGCGCACACUGUGCAUAACAAC,0
UGUUAUUUAUCAGGUCGCCUCCUCCAGCGG,0
GAGGAAGAGGUAUGGAGCGACAACUUGAUG,0
AAUGCAGACCGUUGUCGGGUGUGGUGGCAA,0
CACGUGCAGCCCUGGUCCGUUUCAGAUAUA,0
AAAUAGAUCACCCAUCGUACGGUCCUUGGC,0
CGUCGUAUCCAGUUAUCGUGUGAUAACCAC,0
UCGUUUAUAGCUUGGAUCCAGUUUUUGGAG,0
UGCUCGCGAGUGGCCCGCAGAUAUAACUAU,0
CACAGACAUCGAGGCCCAGAGUUUGAUAUU,0
AUCCCUUCUUUUCAUACAGGUACAUAGCUU,0
UGGGUAACAGCCGCGAUUUGUAGAUCGGAU,0
CCAAUAAUUUGGGUCGUGCCAGGGCAAUUG,0
GGGUAGCCAGCGUCGUCUCCACGGCAUGCG,0
UUGGGCAACGCUAAGUUUCUUAUAGUAUGA,0
CGACUUUGAUGGUGUUGCUCGGCCUACACG,0
GGUCUUCCACCACUCCGGAGCGACCGGUGG,0
GUAAGCGUACUAUAAUAAGGGAGUCCCAUC,0
GCUGACUCUUCGAGGGUGUAGUUUUCUACC,0
UCGUCUUAUGGACAGUUGUGUAAGCCUAAC,0
CACUAUUGUAUUAGCAUCGAUAUAGUAUCA,0
GUUCGGGAGACAUGACGUAUAGGUAUCUCG,0
UUAUCGUGUCUACGUCGACGGGUCUACCCG,0
ACUUUGUCAUCGAGGGAAAAUCUCUGACCG,0
CACUCAGAAGCUUUUCUUAUUUUGAUAAGG,0
ACCCCACCGGCCGGCGGUUGCCGGGGGCCA,0
CUCUCCGGCACUCAGUGUGUCGCAGGGUGU,0
GUUAUCAUCCUAGUGGACUCCUCAAGCGUG,0
AGCUUCGUUUGUUGAUCGGAAGAGUUCUUU,0
UUUUCUUUAUUCAGUUAAAACUUAUGUUAC,0
AACAUUGUCCGUUACAGGUCGCCCCCCAGA,0
CUUACCAACUUUUAGGAUUUUCAGUCGCCC,0
GCCCGCGGAUGUGAAACAGUGCAACAUAGA,0
UGAGGAAUAGCGCGCAUACGAUGUAUUGUU,0
UGCCCCCAAAUAAUAAACAACGGGCCUCUG,0
GCUAAUUGUACGUAUAUCAGGAGGCGAUUA,0
CUAAUUGUGUUGUUCAUGAACUUAUUGAUG,0
UUCCAAACGUUGAUUCCGUUUUGUAGAAAC,0
GCGGUGCGCGGGAGCACUCAUACGGAUGUC,0
CCUAUGAGUCUUCUCGGAAUCUGGCGUGUU,0
GCCCACGUGUGGAGCAUUUAUACUAGAAAC,0
UAACGCGAGGAAUCGCGUGCGGCGGUUCGG,0
UUUUAUCGCAGCCGCUCGUUACGAUUGGAC,0
GGACCUGGAAAGAGUAUUUUUGAACUUGAG,0
GCCCGGUACGGCGGACGCCGGAGGCCGCUG,0
CUUACUUAUAGUUGGUACCAAGUGCCGGUG,0
UAGUGUAUAAGCUGCGGAUGUAAAGAUGGG,0
UCUGAGAACGUAAAGUAUUGUUCAUCAAAG,0
UUGGAGGAAUGCAGGCCGUUGUAUAAUAUG,0
UCUCUUCCGUGCGUGUAAUGUUUAUUCCGG,0
GUGAUGAAAUUGUACACUUCGGUCCCUCGG,0
AAUGAUUUCGUUGGUGUCAUUCGUUUUUCC,0
UUAAUUAGUUGAUUAAUUGGUUUAUUAAAA,0
CUGAGCCGCCGGGUAGUUGGAUGUCACGGA,0
GGACGUGUAAAUUUUAAUUGCGUAAUAGGC,0
UGAAUUUUCAAUUAACCAAUUGAAAUUCGA,0
UCAAUCUGUCGUUAUAUUGUACACCCACGG,0
UGAGGAUGUUCUGUAGUAUCUACGCAAAGC,0
ACAAUUUGUCUGAUUGAUUGUACUUACUAU,0
CUGAUCGGUAUUCUUUAGACAAGGUAUGAG,0
UCCGUCGUGCGUCCUGCUGACAGCCAAUCG,0
GCGUCUAAAUAUCUAACUUUCGGCUAUCUU,0
CCCAGGUGGCGUAGGCGAGUGGGUGGUUCG,0
AUCCGACCUUUCGGUAUUAGCGAUAUUCAC,0
AGAGGAUUCAUGCUGAUUGACCUCGCUGUA,0
AGAAUACAGUCAAAUCUCAUUCCAUGGACA,0
UUAAUGAGAAAAAAAUGCAGAUAAAAAGAA,0
AGUAUUGAUUCUCCAACAGUGAAUCUUUUG,0
CCCCCCUCAGUUGACUAAGGCAAUACGUCC,0
UUGUUGACUUACAUGGAAAUAUUUGCAAAU,0
UUGCUAUGUUCCUAUUAGAUCGCGGCCGGC,0
GAGAAUGGCACUAUUCGAAUCCUAAUGACU,0
UUAUUUGAUUGUAAUAAGUUAUUUUGAAGC,0
ACUGGUAUCGCAGUGAAAGCCAAUUACUCG,0
GGACAUCGUCUCCCUGGAUGGUUUCCAAAA,0
AGGUACAAAUUAUGCGCUAUCUGAAGAAGU,0
AGGCGUUUUCAUACGGCUUUUUAAGGACAA,0
AAAAAAGUAGUUAUAACUAAAUCCUCGCUG,0
GGCUUACUUGACACCUCCUUAUUAUUGUGA,0
UGGGGGCUCAUAAAGCGCGGCCAGAACUUA,0
AAACAUCCUCAGGAUUAUGGUUUGUCCGAC,0
UAAGGUUUUUACAUAAGGUGUGUAUGCCGU,0
ACUAUUACAUUACGAUAACUUGUUCGCGUG,0
CUUUUUUGUCGGACACAUGGGUCACACUCC,0
CACUCACCCUCGUGUUGGUCGGAUAUCCGG,0
GAAGCUAGAGAGUAGAUGUAGUUGCACCCG,0
CUUGCUAUCGUGUUGUGCACAUGCUCGGUG,0
UACGCAAACAGGCCCACGGUUACUAAGUGU,0
AAUUAGUCUCUCGUGAAUGAGGGGAAAAGA,0
CUCACUCUCGGGUAUGCAGAAAUGGUAGCC,0
GCGGUCCCUAGUUAGCUGCACGCCCAGCAG,0
AGGCUUCCAAAUCUGAGUAAGUGUUAAGCC,0
GUGCGAUUUCCAGUCUACCGGCGGAAGACA,0
CAAAAAUGGGCUUGAGUUAGAGGUAUACCU,0
CUCCCCUCGGAGAUAGGAGCGAACGCCUGU,0
CAAGAGCCGGCGGCUGCACUCACUCGUGCG,0
AAAGUAAUAAUGUUCAUGUUGUACGGCGAU,0
UAAACUACGGUUGCAUAUCCCCCUACAUCU,0
UACGUCAGCGUUUCAGGUUUUCGUAAAACC,0
UACCUCAGUGUGCCUCGCCCCGCCCUGACC,0
UAUUAACGGGCGCAGAGUAUAGUUGACCCU,0
ACACGAUGAGGGUUACUCAAUACAUUCGAU,0
ACCUUGCUCCCUUUCUCUACAGUGCCAUUC,0
CAGCGGGAAUCUUUUGCGGUAGUCUGGUGG,0
GAGUGGUCAGUAGGGCAUCACGAGAUGUUU,0
CUCGGUAUCCACGUGAGCUUCUUUCGUCGU,0
CAGCACGGCUCAUUGCCCAAGAGCGUGGAA,0
ACAAAGAUGAAUCAUGAGGGCAUACUUUCC,0
UGUGCCGGCGGCUCGCGGUGGCCGAGGUCA,0
GUUUAAGGAAGUGGCCUUUCGAAUUUUAUA,0
UACCCACGUGUGCUUGACGAUAAUAAUAUU,0
GAGCGCUGAUAGCUUAUAGCCUCAGUAGCC,0
GUGUAUGUGGACCUCGACUCGCGUUGUCAA,0
GGUUGGGGGUGCGGGGCCCUUAGGGCCGCG,0
CCGCAAUUAAACAGUGCGGCAGGUUUGCUG,0
CUUUCGGCGAUUGCCGAUAUUUCCUUCAGU,0
AUGUUGUUAUGCACGCUACAUCAAGGGCAG,0
AAACGAUAGCAUCUUGAUCAUCCCUUUUUA,0
ACGGCUAACUUCGUCUACACUAACUACGUA,0
GUGCGCCCGCGGCCCGGAACCUUACAAUCC,0
AGACUGAUCGAGUCGAUGUUUAACGCAAGG,0
CAAUGGUGGAUGUCUAUAGAACCCUGAACU,0
AAGUUCUGUAUAGAAGGGUUAUCCGGUAAU,0
UCAUUCGGAACUUUUCGGUAAUGGGUAUCA,0
GUCUGAACGCACAUGCAGUUAAACAGACGU,0
CACAGCCAUCCCGUGCGGUCGCGGUGCAGA,0
GGUGGAUUAAGUUUUUUUGAAUGAUAGAUG,0
GAAGCCAUGGGUUUCGGAAUCGUCGUUUUU,0
AUGCACACACCUGUUGUUUCCCCCUACGCC,0
CAUAACUUUGAACAUGUCGAGGGACCCACU,0
AUGCGAAGAGCCUUCUAUCCGCCUCGAGAG,0
AUUACCGAGAUUCUUCGUGAGGUAACUGCG,0
GGGUGUUUCGGCAUUAUAGGACCUAGCCAC,0
AAAGAGAAGCUCGUGUAAGCAUCCACCUAU,0
UAAGUGUAUCACUCGCAUACGUAAUCCAAC,0
GAGCCGUUUGGUCGCUAUUUAAGGGACCGG,0
AUCCGGCCCGAUUUUUCUCUCGUACAUUCU,0
CGCUCUGUUGUUCACGUAAGUUUAUCCCUG,0
AUCAACGAGUGCUGCCCUUGUGGGACUGCG,0
AGUACUUUUAUCCUGGGAUUACCAGACACG,0
GGCCGUUGAGCUUUUAUCAUCGCGUGUCGA,0
UUUUACUAGUAGACAAUCAUCACAAUUAGC,0
GUUGUCAUUUCGUGUGCUAAUGCAGAAUGGC,0
UAGAACUAGAUUAAAGGAAAUAUCCAAAUAA,0
GUUAAAAGAACUUUUUAAAUUUAAUACGUGU,0
CUACAGCAAUCCGGAACAGUGGUAAUAAUUA,0
ACUGGGGAUUCCCCCGCGACACCGGACCCGC,0
GUGCUGGCGGUGCGGGCAUCCCUAGGGCGAU,0
AACCGUUACACGUUACUACAGUAGACCUUAA,0
GCUAAUCAUGAUCUGGUAAGUGAAUGAUAAC,0
UUGAUGGGUGCCUAGCGGGGAAGCAGUAAAC,0
UUUUAGGACAUGGCCGGAAUUAUGAACGGAA,0
AUGAAAGACCAAAUAUAAAGUUGAGCCAAUA,0
CGGGGCCCAGGUUAUGGCACGUGCCUGUUUA,0
GCUGGAGGGAGCAUGGCCGGAAGGAGUCGUC,0
UUACAGAAUAUGAAGGUACGAGUUCAGUAAG,0
UUUUCAUUUCGUAAGAAAUUAUUUAAAAUUG,0
CCUAGAGCAGGCGGCGGGACAGCCACGAGCC,0
UUUCAAGAUAUAGGCAAAAUUACUCCCUACA,0
AUAGCCAACAUCACAGCGUAUGAGUCAUUUA,0
UUCGUAAAACGUCUUUUUUAAUGGUGGGCGU,0
CUUUUUUAAAGGCCCAAAGUUUAUCAUCGGA,0
UUUACUUGCGGGCGUGUAAGAACACUGCUUG,0
ACGGGUAGUCACGCCGUAUAAACUGGUUUUC,0
UUAGCGACUAUCAGGUGGCUUAGCGAAGCGA,0
CAUAGACGAGGUUUUCGAUUUAUUUGACGAA,0
AGCCAUAAUUAAGCUCAAAGUAACUCUUGAC,0
CAAUGCACGAUCUUUCGCUACUUUGCCCCCC,0
UAUAUGUGCUGCCAAGUCGAUUGAAUUGCUU,0
CCUGGGCCCAGCCUUUGUUGGAUUGUGGCGG,0
CGCAUCAGUACUUACUUCCCGACAUCAGUAA,0
UAUCUUAAGCGUAACUCUUCUUGGAAGAUAC,0
UAGCCCGCACCUGAAUCCCGUUGCCAUGCGG,0
CGACAUUACACUCUUACGCGAGGCGCGCACA,0
UUGGAAUAAGGUGUUUAUGCGGCUUCAAUUG,0
UCGGAAUGAACAGCCCUCCUAGUGAGUAGCU,0
UUAGACCGCAUCUUUUUUGUUUACAAUUCUG,0
UGUAACUCCAUUGGAUAACCCCGCAGGAUAU,0
UUCCAUGAAGUACCGCGAGCAUUAUUUGGGU,0
GUUCAGAACAGGAGUAAGCCCCUCGGGCGUG,0
AUUAUACAAUAUUGGCCGUCGGACUCUUCAU,0
AAAGAGGCGAUAUUUAGCCGUCGGUUAAUUG,0
CCGACAUGGGUGGCUGGACUUUCUGGGGAGC,0
CGGAGUAUUGUUUAGCCGUAACUACUAACGU,0
GGUCGUCCAUCAGCAUGUACGUUUCUAGCAC,0
ACAGGACGAUGGAGCGGUUCUGUAUAAAACA,0
AGUUACGUUGCGGCAAUUUCUGAGAGGACCA,0
CCCUAGCGGAUCUGAUGAGUGUGGUAUUUUA,0
AACUAUAGUUUCUGUGUGGUUCCACGACAUG,0
UACGAACCGAUAUAGAUCAUCCAUAACCUUU,0
GGGCUUUGGUUGUACUAGUACCGAGGUUAUC,0
GUCAAUCGUAAGCUGCGAUGUUUGAAUCUGA,0
UUUCUAAUGUCACUAGGUAAAUAUAAUAUGC,0
AGUUUGUAUAGUAGAAAAAAGAGAAAAAAAU,0
UGCCAUGCCGCAUAGCCAAUCGGGGGCUGGA,0
AAGCCUGGUGGUUACACCAAUUCCACUUCCA,0
UGGUCUUCGAGUUCCGCCUCAACGAUUGAUA,0
UUAUAGGACCACUUCUUAAGUAGGGGGUUUC,0
UGUAAUGUAAGAAAUUAUAAUUAAAUAUAGA,0
CGAACCGGGUAGGCCCUUAGGGUCACACUCG,0
ACGGCUAGGGACUUGCCACACUGUAUCUCUG,0
AGCACAUAGUACAUGGUCAAAUUUCCAAUAC,0
AGACGUGUAAGACAGCGUACUUGAGUAUUAU,0
UUGAACCUACGUAGCUUUACACCUUUUGAGU,0
GCUUUUCACACUUCCUGGUGGCCCAGAAGUC,0
UCCGAGGAUACUCGUUAGUGUAAGCUGAAAU,0
GACAUUUUAUAUACUUGCUGCGCGGAAAGUG,0
CGCGGCGUUAGCUAGUAUUCUUGGACAGUCA,0
GGCCCCGCGGGCGGCUCGAGGCCGUCGACGU,0
UUCGCGCCUAUUCUUCUGUGUACUACCGUAG,0
CGAUACGUGUCUUCGUGGAUCUAGCGCAGUC,0
AAUUUCUAGACCCCUCCGUUAGCUGGAAUGG,0
UCUCAUUUCUAGUAUAUUGUAUGAACCAUGG,0
CGUCUGUAAUGCUGUGGAUAUGUGGAUCUAA,0
CCUCUAAAUGACAAUGUUCGUCGGUACGGAG,0
ACUCGCAGUUUCCCGGGUGUUCUCAUUAGAA,0
CAACAGCUAGUAAUUGGGCAGCGAGAAGGCC,0
UGGGGGUUAUUGAGAACGUCAUCGGCGACUG,0
ACGCGUCCACUUGCCCGUGUAGCUGGCCGAA,0
CAUCGAUGCCGAGUCGGGUUUUACACGUUGU,0
CGGUAAUCUAGGGGCCCGACGUCCUGGCUUC,0
AGGAUGUGUAUGCUGAAUAUAAGUGGAGAAU,0
ACGCGAACUCACAUGCGUUGUUGCAAGGAUU,0
GUGAUUGCAAGAGAUGAAAUAAAUGUUUCGG,0
UAGCACUGGAUCUCAAUCGCUGUAAAGCCCA,0
CUUGUUACCUGCGCGCUUCGUAGGCCGGUGU,0
AAUGGCCUUGUAAGGGUUAAUCCAACGUAUA,0
UCGAUUCGCGAAUGAAUAUUGAAAAUGUGUU,0
AUAAUGCCGGCUUUGGGUUGGACCCCACUAG,0
CGCUUGACCCUAAUGUAGAAGACUGGUGGAA,0
UAGGGAGAGGCCUUGUGGUGGGGUAUAGUGU,0
AAUUAAGACAACUUAAAUAGGCAAAUUGCCU,0
CCCUCAAAGUUCCAACGCUGUAUUUGUUUGC,0
UGAUAAAUAUUAACCCGCUAUUACCAGGUUA,0
GUCCCUCACGAUCGUCUGGGGAGGUGCCGUA,0
CUUUUGUUUGAGUUCAUACCACUUCUGUCAA,0
UAUGGGCUUUCCGAGUAAUUUGGGCUUUGUU,0
GUACACCGUUACAAUUUAGGAAAAUAAAAGU,0
UUCCCCCGUGGAUGACGUAAAGACAUUGUCC,0
UGCGUACAUUGGAUGGAUACCUUACAAUGCG,0
UCUAUAUUGAAACGGGAUAUAACAGUACCUA,0
CCGUUUGCAGAUUCGAUAGAUUUGCGUACCA,0
UGGCACAGUGCGAGUCGGGCGCAUGGGAAGU,0
UGAUAUUAGCAUCCCAGAAUGGACCGGUGGA,0
AAGGGUUUGAGGGCAACCGUGAUCCCAUCGC,0
UUCUGUACGACAGGCACGUUUUAGUUCUACG,0
CAAGUCCGUGUUGGCGGCGUCUCGGCUUUGA,0
ACAAGGAUGCACUGCCUACACGCGGGAUCCC,0
CCCUUUUUGACUUGACGGUUCUACUGUAUUG,0
UCCCACACGUUUUAUAUCGAUUGGUGGCCCC,0
UCUCCUGGCUCGGACUCGCGUUACGACUCCU,0
AUGGCGCGGAGGCUAUCAGCCGGCUGUUUCG,0
CAAUUUGCGGCAGUUAUGGUGAACGGAGGAC,0
UACGCGGGGAUUUAAACAAAACAUUGUCGCG,0
AUAUCUUUCUAAUUAAUCUGCGUACUAAUCC,0
UCUUGUUCGCUGCAAAUUAUGCAUUUUCCAA,0
ACGUGUGUUCCUAAUUGUUUGUGAGAGACCU,0
CGUCCUGUUCAAGCACCCUGGCUUCGGGGGC,0
UGGCAAAUAUCCAGAGGUCCCUAGUAUAGUA,0
CUGAUUUACUACCUUUUGUGGCUAGCUAGCU,0
UGGGGCAGAUAAAGUAUUUGUGCAAGAUCCG,0
ACCCGCGUUGCAAUACGGAAGGGCUUUCCGU,0
GGCCAACCGUGCUUAACGGGCCGAUCCUCUG,0
CUUAUAUUUUGAUUACUCAUAAAAUAUUGAU,0
GUAUUCUAACCCUCUAAUGGUAGGAUUUACU,0
GACGGUGCGCCAUGGAUACAUCGGGCACACC,0
GGCGAACGGGACCCCGCGGCGCGGCGACCCG,0
GCAAGCUUCGGAAUGGCUGCUUUAGCAGGAG,0
AAGCCCAACGCUCCGAGCAUUGGCCUGGUAU,0
UGAUGUUCUGUUCGGUUUAAGGGCCGCAUAU,0
ACCCUAGUAUGACAACAGCAGUUGAAUACUU,0
UAGUUACGUUCUCUAGCUAUACGCGCAUUGG,0
UAAGAAUCUACUGAAGUCGCAUGACGCAUGG,0
ACACAGUAGGGUGCAGUGGUAGAGCUGAUAU,0
UCUACUAUCAUGAACACAAAUCAUAUUCAUU,0
AGUAGUUAGGUCGAGAUUGUACCGCUGGAUU,0
CGAGUGUUGCUAUAUCAAGUUGUAAAGAGGA,0
AGGCUAUUGACACCAUAGAUCGAAUGUUUAC,0
UUACCGUUUAGGUAAUACAGACCGUUUUCAA,0
CGCUUUACCAUAGUACCUUGGGAUGCCGGUA,0
ACGGCCAUACAUCGGUAACCUCCAUUCAGGU,0
AAUAACUGCCUCGGCCCCAAAGGAUUUAAAU,0
CAGUAAAUGUAGACAGUCGAGCAGUGAUCCG,0
GUAAGUAACAUGAAAAGGCCAAUUCCUAUCU,0
ACUAGCGAAGAGUAGGACGCUUUGGACGCCU,0
AGGAUGUGUCACACUAUGUGCUAGGGAAUUA,0
GUAGUCGUGUCGAAGGCUAUGUAUUUAUACU,0
UUCGUGUGACACGGUCGUAGUCGGAGAGUAU,0
CGGCGUACUAAGUGUGUUCUGACGUUUUUGA,0
GUGUAUAUUGGACUUGGUCCAUGAAGAAUAC,0
GCAAGGACUUUAAUACAAAUGCCUUUUACAU,0
AUCGACGUGUUUAAUUGGCGGUAUUUGGCGU,0
AAUCUAGAGUGUCCGCAGAGUAUAAAACAAU,0
GUACGAAUCUGUAUGCUGAGCUUAGUAGCUA,0
CGUUGACGUCUUGUAUACUAUAACGAGGGUU,0
AAGUUGAGAGAGUUUCGGUGAACUAUAUUUA,0
UAAUUUCGACUAGAAACGUGUGUUUCUUAGA,0
UCUUUCCCGUCUGUGACAUUUGUUGGUUUAC,0
UUGGAGGUUGACAUUACAGAGGUAUCAACUA,0
UAGUAGGGCGAUUAUAAAGCCACUAUCUUUU,0
GCAAUUCUGAGUAGCUUAAAGAGACCCGUUA,0
AAAGACCGGGAAGAGUCCACAUGUCCUAAAC,0
GGCCUGCGUCGCCUAGCCGCCUCGCCCCCCC,0
UGAAUAGCAGCAAGCGGAGAGCUGAAAAUGA,0
CUUAUUGUCCCACGUUUUGCUAAUGCCAUAG,0
GUGGCCAAUAAAGUGAUGUCAUCUAACGAUG,0
GAACUGGCUGGACUGUCCCACAAACGCUGCA,0
AAUAGGAGGCGAUAAAUACGCUCUCUUUGUG,0
GGUAAUGGCGUUAGUGACUGCAGCGCGUGCU,0
UUACUUGAAUAACGUUUACGCCAAUGAGUAG,0
GUUGAUCACCACGUGACGUAUGUUCCGCGGA,0
AGGGCAUCACCACUCCUUUGGAUGAUGGUGA,0
GUGGGCAGCGUGUGCGUGUAAAAUAUUUGGU,0
CUCCAGUGGACUUAGGUACGGUGGCCAUACU,0
GGUACAUUACCUUGCUUCGUUCAUGGGAAUG,0
CAAGUUUUAUCUGGCGGGUCUGAGUGAUUUU,0
CUUGUAAUCCUUGUUUGUCCAUGCAAACUAA,0
AUAAUUGGUUAAUUCAUGCUCGUAGCGAUCC,0
AGACAAUAUAAAAUAAAGUUUUUAUUCUUUA,0
AUUAUUCUACACGAGGGUUCCAGGGGAUUUC,0
CGAGAGAAACAAUUCGGAAGUGUCAUAUAUU,0
AGUUCUAGCGCGCUCACAAUAUGAUAAACCA,0
AUGUGCCCGUAUCUAAACUAGCGUAACUCGU,0
CCGGGCGGAACCAGGUAAUUACUUGGACCCC,0
UGCGGCAGUUUUCCCCGAUUAAAGCAAAUUC,0
AGGAGCUUCCUCAGGGACGCCGUCAGGUUCG,0
CAGGAAACAGAUUUGUUGUUAAUCUUAAGCC,0
AUACGGUCAUUUGUACAUUACCGGGUUGGUA,0
GCCUAUAGGACACAAUCCUCGCCAGGUGCAU,0
AAUGUACGCCCUUUCUAGAAUAAGUUCAUGA,0
ACAGUCCGUUUCCCGUUACGAAUAACUGGUU,0
CUUACUGAUUACCCUAUAUCUCUUAACUGUA,0
GUACUCCAAUUGGUCGUUUAUUGUACAAUAC,0
GGGUCUCCAAUUGUAGUUGUGUUUCACGAUU,0
AGACGUAAACGGCAGGCGAGCGUUACGCAUA,0
ACAAUAAUGGGACGGUAUAUAGCAGUGGACG,0
AGCAUGCUCACGAGGACGCCUGAUAUAAUAA,0
CUGACAGAGGACCUCGCCGCUACAUUACGGA,0
GCUUGACUUGAGGGUCCACCUGGUCAUGGCU,0
AGUUUAGAAGGACAUAAAAAACUAAUUCAAC,0
CGGUCUCACGGCGUUAUAUUUGGCAUUUCUA,0
CGGAUCACAAGCAGCCCGGGCUGACGAAUGA,0
CCGGUAUAGAUGACGAAACCCUACCGGUGGG,0
UGGAAUUAAUCCUUGAUUCCGCGAGCAGAAC,0
AAUCUACACUAGCAUGACGGGUCUCUGUACA,0
CUUUCGUAAGGAGGUUGUGUGUUUUAGAGGC,0
GACUUUAUCUGAUCGGAAAAGUGGAAAUCGA,0
CGUCCGGGUUUGGUGUUGAAAUACGCAAGCC,0
GACGGGAACUCGGUGUAGGAGAAAGCGCUGG,0
CAAAUGAGUUGCACCGCAAUGGAAAGUGUAC,0
CUACGUUUAACUCUGUGCUGUCUUUAUUUGG,0
CAGUCUUAAGUGCGACUAAAGGACUGGCCAG,0
AAAACCGAUUGGAUUCUUGAUGUGUUCUAUG,0
UCGCGUGGAGCGUUAGCUAAUCCAAAUGUUG,0
AAGCCCCUCCACCCCGCCCUGGGCGGAGUAG,0
GGAUCCAACCAUUGAUUGUGGUAAAUCGCAU,0
AGGCGCCGAAUCACGGAGCUCUCUUGGAUUC,0
AAAUCUAUUCUCGCAGUUAUCUAGAAAUAGG,0
UUCUGCUGUACGGGGAGUAUCCGCACCCCGU,0
ACUAAUGCCUUUGAAUAUCAAUAUAGAAUAU,0
UCAUUUGUCGUAUAGCCUAGGGGUGGCCGGC,0
AAGUGUCAGACCCUGGUGAUACGCAUUAGGU,0
GAAAUUUAUUCAUGUUGGCUAUUUGGAAAUC,0
GUACAGAGGUCCUACAAUUGGGACAUCGGAG,0
UACUACGUUAGAAUAAAUAGUGACAUAUAAC,0
UUGAAUGUGUUUAUGGUUUUUUGUAUUCUUA,0
UAGUAUAGUAUUGAGGUGUAGCCAGCGUACC,0
GACGUCGUCCGGAGUUAGACCAGCGCCCCCU,0
UUGGAAUUGAGAUAUACAACAUUGAAGAAAU,0
GAUUGAUAACUUAUAUGAUGUUUCGCUGUAC,0
CGUUGCCGUUCUAACGUGUAGUACGAAUAUC,0
UAACUGGUAGGAAAUGGUUAUUCAUGGGCAA,0
GUGGCGUUCACGGAGAUUUGUGUAUUACAGA,0
CCAUUAUCUGCAGGCUGACGAUAGGGGAGUA,0
GGUGGGGCGUGUCUCUGCCCGGAGUCUCACC,0
GGCAUCUAAACGAUAGAAAGUAUCGCCCCAU,0
UGCAAUGACAUUAGCGUACAUUAGGUGUGAAU,0
UGGGCGUAUGACAGUAGUACGCGGGUACAGAA,0
GUGCGUUGCAUGCUUUUUCUUUUAUCAUCUAA,0
GCGUUCAGGCGGCUUGACGAGGCGGCCUCGGU,0
CGUGUCUAACAUGUCUGGAUCAGGGUUUAUAU,0
CCCACCUCGAGUCAGGUGACAUAUAAGCCAUG,0
UAGUUGCUAGGAUUUUAGAUUGGUAAUUCGUA,0
UGAUGCGCCUCCGUUUUGUAUUUAAAAUUAGC,0
AUUAGGGGUGGAGGUUGCGAACAAAUUGUCGU,0
CAUUAGAAAGAUUGGAUAUUUUCGCGAAACGA,0
UAUAGGUCGAGUAGCGUUGAAUUUGCACUCAG,0
UAUAUCGAUUAACUAAUCCCCCGGCUGUAGGU,0
UAUUCGUAGCCGCAGAUGUAACCGGUCAGAAA,0
GCGCCGCCCCCAUUCGGGGUGGGUCCCGGAAC,0
UGUGUUAAGUUAGCUGCUCCGAUUUAGUAGGA,0
UAAAGUUGCCCAUUGAUUCACGCGGAUCCUAC,0
UAGUUUAUGAUUAAAAUCGUCAUGCUCACUAG,0
UCUCAAGGAGUUUGAAGACGCGUCUUGAGCGA,0
UUUAGUCGACUUGUCGAUCGACCGUAUCCGAA,0
AAGAAUGUAAGUGGGGAUUGUAGUCCUAGAUA,0
CUACUACUUUGUCUUUGGGGUAGGAUCGGGCG,0
AAUUGUUUAAUUCUCUAUGGAUCAUUGUUUAU,0
CAUCCAAAGUUACCUUGCUCUAAAGAUGUGCG,0
AGAAUCUCGUAAGCUAUGCAUGAGCAGAAUGG,0
GGGUUUGCUCACUACUGCGUGCAGGAUGUCAC,0
CCCGGAGGCCGAAGCCCUCGCAGGGGCCCCUG,0
AAAGGUGCAUGUUAUUAAUGUCGUGGGGUUAU,0
GUGGGGCAUUGAUACUGGUUGCAUCGAGCUGC,0
AGAGGACUGCGAUUAUACAACUUCAUUGAAUG,0
UACUGAGUAAAACACCUCUGGGACUGACAUAA,0
GGUGAAAGGUCCUGUAGUUCUCUGCUCCCCGG,0
UAGGUGUCCGUAAAUCUCUUACCGAUGUCUGU,0
ACCCUAGCUGAGCCGGUACCCAGGGAUCCCUC,0
ACCGUAAAGGUGAGUUGAUAUCAUAAUCUAGC,0
GUCGCUCCCAAAGUUUGUUGGGUUUGUGGGAG,0
CGAGCGGCCGAAGCGCAAAGCGCGAGGGGCGG,0
AGUAAUUACCGGGCUUAUGCAUGACGUUGCAC,0
UUAUUAGUGCGUAGUCCUCAUGUCCGAGUGCU,0
UGUGGAAGCAAGUCUUGCUAAGUUAUUUUUAU,0
UGUACCUGCGUAGCAUAAUUAAUCUUAUAGCU,0
GCGCGAGGCUCGGAUUGCUGCUGGUAGAUCGA,0
UAUUGUAUCUUUGGGUAGACGCUAAGAUUAGA,0
AAUGGAUGAGUGCUUAAUGGACUAAUUCUGCU,0
GGUGAAUCUUGGGAUAAAGGUGAGCUAGCUAG,0
UCCAAUCCAUCCGUGGAUUGGGAUAGGCUCGC,0
UACCCAGCUGCCUACACUGCCUGUGAAAAAUG,0
GCAGCGUCCCCGGUUGAUUCGGACAGGCAUCG,0
AGCGUAAAUGAAGCCCGGACGGUCACCAACGC,0
UCCCGCUAUCGUCGUAUCCAUGAAACUUAGGG,0
AUCGAUCGUAUGGACGGAAACGUAAUAAUAGA,0
UCCAAGCCACCUGACAGAUCCUGUUCAUGAAA,0
CUUUUACUACAAACAAUUGUUGUAUGUUCGAU,0
CUCAUCAAUGGUGUGACUUGCGGCUAUUCCGU,0
CUCCAUCGUUGGACGGGAAGCUUGAGGUAUAG,0
CCUGUGACCAGGCUAAGCCUGAGGAGCUUCUGA,0
UACCUCGCUCAAAGCGCAGUGGGUAAGUGACCU,0
UACAUGAUCUUCUGCAUCGAAGGAUCCUUAGUAU,0
AAACAGAUUGAGGCGAGACCACAAAGACCCUGGC,0
UGGUUGUUUUCUCUGACUCCUUGAGUAGAA,1
UGACUGUGUGGCUCCACUGGCAAGGGCGGU,1
UAACUAGAGAACUGGUCAGGUCUGAGGUG,1
UCAAUUGGUUGAGUGUUUGUCUGGCAUUC,1
UGGAUGUGAGAUAGAUAGGAGAAGGAAGUC,1
UGGACAAAUGGACUGUGGAUCCAGGAGAGG,1
UAGACAUGUAGUGAUCCUGAGGCAGGCAA,1
UGAAACUGGAGCAGAAAGAUAGGACCUGAGU,1
UCUGAGAGAAAGGAAGGUGGACUGAGAA,1
UCUGCAGGCAGAACACUUGGAUUCCUCUCU,1
UGCAACAUGUAAGGCUGACUAAGAAAUACGG,1
UAGGAUGCAAUGAUGCAAUGAAGGUGAUGU,1
UGAGCCAAAGCUAAAAGCUCAGGUCGUUGA,1
UUCCAGUCAUGGAUAUGAUUGCUGGGCUGU,1
UCCCCAUCGUUAGGGCCACAAGGUAGGAGC,1
UGAGAUGACGUUGUAGAUGAAAUGGUUAA,1
UGGAAAGUGAGCUAGAAUUUCGGUUGGCCUU,1
GCCUGAGAAUCUGAGUGGAGUUGGGAUGU,1
CUAUAUUUAUAUAUACAGGGACAAGAUGGG,1
UCUGAGGUUUCAAGGGUUGCUAGGGGAAGU,1
UGAGACGCUUUGACUGUGAAGACUAGGCCAU,1
UGGGAGCUCGUGGACGAUGACAGCGCCAU,1
UACAAGUGGAUGAUGAUAGAUUGGUGGGC,1
UACUUUGUGGGACAGGAGGAGGGGGU,1
AUGCAUUGUAGGAUGAUUGGCACUAUCCACC,1
UAAGAAAGUAGGCUAAGCAGGAUGGGGAAU,1
CAGAACAGGAACUCAAACAGGGCGGUAACCU,1
UAAGAAGGUGUCUAAGGAUGUAUGUGGUU,1
UAAGAAAAGUAGUAGGCAGCAAAGGGCGC,1
UGAAAAAAAUGUGGAAGAAAAGUAGAUGGU,1
AGGCAUCUCUUGAUUUGUGACUGACGGUU,1
UUGGAAAGAAAAACUCAUGGAAUUAUGGCU,1
UAGGAAGGGUAGAGCUGGGGAGGAGAGCA,1
UAAAAGCAAGGAGUGUGAGAUGGGGGAGGU,1
UUGUUUCUGUAGAUGAAUCAGCUGAUGUUC,1
UAACAGCAGUGGAAGUAGUCAGAAUCACC,1
UAGCAGCAGUAGACUAAAGCUUUCUCCUGA,1
UGCAGAUGAAGAACCGAACAGUAAAAGCAGA,1
UGGAAAGGAUGAUCAGGCAGGCUUAGGGUGU,1
UAGUUAAUGCUGUGGACUAAAGGGGUAUC,1
UGGAAGGGAACGCAAACGCAAAGACAAAGGG,1
UCUGGACUAUGUCGAGUUAGGGUGGAAAGG,1
UGGGACCCUGGCAGUGUAGAAAGACUCC,1
UCCAAGGACAUCUGACAGGGAGUAGUAGA,1
UAAGAACUACAUGAAUCUCUGAGGACUAUC,1
UGACAGGACAAUAGACUUCACUUAGGGCGG,1
UGUUGACUGAACCAAUGCAUUACUCUGAGGU,1
UCUCAAAAAAGGAGCCGAAGUUUGGACAAC,1
UCAAGAACUGCUGAAGAAGGAUACCCCAGA,1
UUAUUGUAGAUAAAAGGGACAGCAUACCAGA,1
UUGAUUCGGGUUUAAGAACAUGGGAUGGGC,1
UGGGCUGUCUUUCUGGUUUGACUGAUAGGC,1
UGGGCUGUUUGGCAUUGAAGUGUAGAGCCU,1
UAAGAACACAUACUGCACAAUCAUGAGAACC,1
UACUGCAUGAAUGAUGAAGUACAAGGGACAGU,1
UAGUACUGUGAUAUUCUCUUCCAAAGGCGU,1
UAGAAACUUCUGCUGUGGAUGGCUGUUCCU,1
UAUAAAUGUCCAGUAGAGAGUUGGACCCUC,1
UAGAAACCUGGGAACAGUCAUGAGGCAGA,1
UGUGAGUAGACAAGAACUCUGUGAGAGGCA,1
UAAAAGUCAAGUAGGACUAAUAAAUAAGAUGU,1
UAGGACAGAAAUGAAAUUGCAGUGUUUGG,1
UAAAAAAGGUAGAAGGUGAGUUGGGUGAGU,1
UGGAAAACGGAAAGGAACAGGUCAGAUGGG,1
UAGGAGAGUGGAAUCUUCAAAAGAAGGCAAU,1
UUUUACGUGCUGUGUAAAACUUGAGGGUAUA,1
UGAGAAAGUGAGAGAAGUGGGAGGAAGGU,1
UGUGAAAGUUGAGGCUGGGAAUAAGGUGU,1
UCCUGCUGGAUAAAGGAUUACUCACGGUU,1
UUACAAUAUCACAUAUUGCUUGGUUGGGGGU,1
UGUGUGCUGCAGACAGGGAUGGGAUA,1
UCAUGGGAUGGACAUGUAGAUUAAGGAAGA,1
UAACUGAUGUAAAAUGUAGAGUAGAAGCCGU,1
UUCAAAGACUAUUGUAGACAUGAGGAUGGU,1
UCUUUACACAGAAGAAAUCUGUGGGACUGU,1
UGACUUGUAGGAAGAUUUUUGAGGUCUGGC,1
UUCUUGGUCGUGCCAUUACUUGUAGAGGGC,1
UUCUUAGGGGAGGAGAACAGGCAAGAAAAGU,1
UACUGCCAGUGUCGGUCUUCAGAGGAAAGGU,1
UAAGAAAUGCUGUGCAAAUGAAUUCGGCCGU,1
UCAUUUUACAAAUGAGGAACUAGGCUCAGG,1
UGCAGAUAGGAAGAAGAGCUGGCACCCCACU,1
UAUGAAAAUGUGGGUGUAUUGAAAGGGUU,1
UGGACUGAAGAAGAAAAGGGAAUACUGGCUC,1
UCUGAGCCGAUGUUGAACCAGCUGAGGAUA,1
UGGGAUUAUAGGCAUAUACAACUCGUGGC,1
UAAAAGGGAAUCUGUUGGUAACAAGGCAUA,1
UAGUUGGAUGGUAUGCUCUAGAGACUGCA,1
UGGAACUUGAAAGUUGAAUUCAGAAGCUGC,1
UGUGGAACCGGAGAAGGGACAGCACCUGA,1
UAAAAAUUGCCGGGCUGAAGAGAAGGGCUU,1
UAGGAUGGAUGUGGAAAAGGGACUAGGUA,1
UAGAAAGGAUAAGGGCAGUGUAAAGGGUU,1
UAGUUGUGUAGAAAUGAAAUGGCUGGGGAU,1
UAGUUGUGAGAUGGGAAAGUGGGGGAUGU,1
UGAGUUUGACAGAUGAAUGGAAGUGGUUG,1
UGCCCAAGUAUGUAGAGGUUACCUGAAGUC,1
UAAAGUUGUGAGCACCGAACAAGAGGGCUGU,1
UGGAAGUGGAUUGAUAGUAGAAGGGGUUU,1
UGAUAGAGUGGAGAGAGGAAGACAGAUAGU,1
UAGGAUUUCUGGUAGACAGACAGGCAAGCU,1
UUCAAAGAUGGUACUGUUUUAAGGAGGGGU,1
UAGUUUAUGUGGUACUAGAGAGCAGCGGC,1
UACGAAAAGAAGAUAUUCUGUCUCCUUGGA,1
UAUACUGUAAGAUGGAGUGGAAAGGAGGGG,1
UAGGAAGUCUGAAAUGAUGAGGUACAUAGU,1
AAAUGCUGAACUUAACUGCUAGAGGGUUU,1
UAGGUUCUGUGUGCCCACAGCAGUGGCUAU,1
UGACAUGGAAGUUGUCAGGUUGUCAGGC,1
UCUUGAAUGGAGAAUGAGGCAGCAGUGGU,1
UAGUAGGAUGUAACUUGGAGAGUGGAGAC,1
UGUUUGAGUCAAAAGAAUUCUAGCUGGCAUU,1
UAAGUCAAGCCUGGACUGAGAGGCGUCA,1
UGUGAGACUCGAGGCAAAAAUUUGGCGGU,1
UGGAAGUGUAGGAUACCCGUGCAGAAGGUC,1
UAAAAGAGGAACCUCUGAACAGGUAUUCGGA,1
UGGAAUGGGAUAGAUGGGAUGUCGGACGGG,1
UCAAAGAACUUGAAGAUCCUGAAGAGGUGG,1
UAAGAGGCUUGGGCUAAGACAGAGGCAUC,1
UAGUCUGAGAACCUUGGAGAUUAACAGCUG,1
UUGGGCUUUUGUUGACUCUUAGUGGACGA,1
GACAAAAUGAAGGAUGGCAGUGGAGGAGU,1
UGUGCUGAGAACAGAGAAGAGGACCAUAAGU,1
UCAUGGUUCUGUAAUGAGGGAUGGUGUUC,1
UCGGAACUUGUAUCUUGUGAGACAGAAGG,1
UGAUAGUUGAACUGACCGAAGCUAGGCAU,1
UAGGACAAUGGAGUGAGGAGAAUGCGGGG,1
UAGUCAAGUUGGCAACCAAGAAUUAGCACGG,1
UAGACUGUGAGCUCCUUGAGGACAGGGACAGU,1
UAGUAGCUGAGAACUUGAACUUGGCCUUC,1
UGACAUGAACACAGGUGCUCAGAUAGCUU,1
UGAAUGUAUGUGGCAGGGGAUAGGACUGG,1
UUCCAGGAGGGAAUUCUUUGAAGGAGGUGU,1
UGUGAAUGAGGGAGCAGUAAGGACCCAGCU,1
UCUGAACAGACUAAGAGCAUGACAAAAGCA,1
UCAGAAUCCAGAAACUGAAUGGCUUAGAGAC,1
UGGGAUCACGUCUUGUGAACAGCUGGAAGA,1
UAGUAGAGCAUUUGGUUAUGACGGGCGGG,1
UGAGAAUCUUUGUCUAAACCUGAGAAGCUGU,1
UAAGCAUUACUUUGGGCUAGGGAGAUAGGU,1
UAGACUGAGAGAUGACACCUAGAAGGGUGCA,1
UAGUAGAGAAUGUUCUAGGCCAAGGCUGGC,1
UCGUGACAGGGCUCUUGAAUAGAGGCUCAUU,1
UCUCAACAAAAGGAGUGGUUCUGGGGACA,1
UAGCAAGACGGAUAGAGUAUGUGACUGGCAUU,1
UGAUAGGAAAUAGGAUGAAUGGAGGUUGG,1
UGGGAGCCUGAGCAUCACUGAGAAGAUGGG,1
UCUGACAAGAGAGCUGGCAUGCCUUCUGCCC,1
UGGACAAGCUGACCUGAAAUCAUACUCACCC,1
UACAACAGAUUUGAACUGUGGGAGGGGCUU,1
UUUCUUCUGAACCAUCCACACCCUGCUCCUGU,1
UGUUGAACUCCUGCGUAAGCCACUGGGCAUC,1
UAGAAGUUUUCUCUGAACAUGAGCACAGUA,1
UAGGACAAUGAGCAGGGAAUGAGAUGGCC,1
UGAAGAAAAGGAUGCUUUGUAGAGGAGGU,1
UCAACCUGUGUUCUACUGCAUCAGACAGACUU,1
UCAAAGGAUGUUGUGACAGGUGAAGUGGGU,1
UAAAACUGGGGAAUUCUUUGCAAAGUGGCA,1
UGCACUUGGGUAGUCGGGAAAUAGGGGCAU,1
UAUGAGUUGGAUGUAGAAACCCAGGCUAAGGC,1
CAGAACUGUAGGGUAAGAAACUAGGAAGGCU,1
UAGAUGUGGAAGGAAAGAGAGAUGGGGAGU,1
UGCUGACUGUAGAGUGAGCAGUCCAUGUGU,1
UCUGACUGGAGACCAGGUCUACAUCGGACC,1
UAGGACUUAGUUGGGGGUUCGGGGAUGGA,1
UAAUAAAGUUCUCUCUGAACCAAACGUGCU,1
UGUCCUUUCUUCUGACUGUGUGUAGGUGC,1
CAAGCUGUUUAGAAGGAAAUGUGUUCAUGU,1
UAACCAAGACGGACUUCACGAUAGUGGCU,1
UUAGAAAAGGAAUAAAGAGGUUUGGGGCAU,1
UGUAUAUUCUGAAGACAGAGUUGGUAGAACC,1
UAAGGAAAUCUGAGUCCAAGAGGGACAAGUC,1
UGAACAGGGAAGAUAGGACAUUUGACACAGG,1
UAGGUUGGAAGAGUACAGUGGACAACGGG,1
UCAGAAGAAGUGGGAGCUGCAUAGAAGC,1
UUGAACUAGAUUGUUGGAUCAGCAGCGGC,1
UAAAGGAAGUUUGCUUUUUGAUCGUUUUA,1
UGAACUAAAAGUUAGGAGCUGGCAGGGGGA,1
UGGGCAGGCUCUUUUCUUGCUUUGGACGGU,1
UGAAAACUGGACUUUAGAAGAAAUUGGUUUG,1
UCCAAGAUCAGGGGAGGCUUCAGGUGGGG,1
UGAAACUUUGGAAUUGUGGAGGGCAAAAUGU,1
UGUGAUAAAAUGCUCUGACCAGAAACACCUU,1
UGCCUUGGGCUGAACUGAAUGCAAAGGGGG,1
UCCACAGGAGACAGUGCGAACUUGAAU,1
UGGUAAACACUCUGAACUCUGUGGGACAC,1
UAAACACCCCUAGGAGCCUCUGCAGUGCCAU,1
UCCCUGAGCGUUCACGGAGGCAAUUCAACA,1
UGUUAGAACUGGCAGAAAGUAGUCUCAAACC,1
UACAAGUAGGGGAUUUUGAAGUGGGGGAUU,1
UGACAGAAACUGCUGACCUAGAACCGGAGA,1
UGGAAGCUGUUAAUCUCUCAGAGAAGGUGA,1
UCUGACCAUGCUGUUUGGCCACACUCUGC,1
UCAGAAUAUCAGAGGGCUGGAGAGAUGGG,1
UAGCUCAGUGAUGGACUAUGAUGAGGGUGU,1
UUUCCUUGGAAUUCUGGCAUAGAAGUAGACGU,1
UUCUCGUGGGAUCUGGGUAGGGGUU,1
UAGAUCUCUUGAGAUGUUUGCAAGCUGACU,1
UGGCUUUGAACUCAGCUUGGAUGGCCAG,1
UUCUGUUCACGAACAGGAGUAUGGAUUAGG,1
UAGUAGAUACUCAUGGGAGAGCAAGGCAGU,1
UCGGGAUUAUGAGAAUCAAAGAUGGGACCUU,1
UUCAGAAAAGACCUAGGAACUGAAGGUGGA,1
UGCAGCAGGGCUGGGACUAGGAUGGA,1
UAGACACUUGAGGGUUGAGGAGAGACUGA,1
UGUUAAGGAUGCAGGGACCAAACAGGAGGG,1
AAGGAAGACACUCUGAGUCUAUGGCAGUGC,1
UGAGUAGAACAAAUGGGGGCAAACCCUAGC,1
UAGAGACUGACAAAUACUGCAGAAAGCCUGU,1
UCUUUAAGUGGACCAGGAGCAGAGGGAGC,1
UGUAAAAUGGAGAUGAUAGCACACAUUUGG,1
UCAGAUACAGAUAUAAGAACUUCAUACUUGC,1
UGGAAGGUAAAGGUAGAUGGAGUCAGCAC,1
UGGAAGGUUGAAAUGGAAAGAAGAGACAGA,1
UAGAAACUCUGCUUAAGAGAAGAAUAUGACA,1
UGGGAAGGGUAGAGACUGGCCACAUGAGU,1
UAUUUAGAGGAUGGAGUGGUAACCACGGU,1
UCAAUAAAUGUUUGUUGGGUAAAGGGGUC,1
UAGUAGAAGACAAGAACUCUGCCAGAGGGU,1
UCAAUAAAUAGGGAGUGAUGGUAUAGAAC,1
UUUUAGAAUGUAGAGAAACUAAGAUGGUGG,1
UCUGAAUGGAUGGAAAACGGAAAGGAACA,1
UAAAUGGUGAACUUUGUGGAGAUGGGGAUG,1
UUCUAACUCUGCUGUGAGUGAACUUGGCUU,1
UGAAAAAGGACCCAAGUACAGAAACAGCUC,1
UCCAUGGACGCAGAAACCUUACAGCAUGAU,1
UGACACAAAUGGCAGAGCACAGGAACACUU,1
UAGAGUGUAUGAUGACGGAGGCUUUAUCU,1
UUGCUGUAGAGGAUAAAGGCAUGUUCAAGU,1
UCUGUAUGUUAUAGGACAAUGAGCAGGGA,1
UGGGCUGGAACAGAUAGAAAGGGAGAAGAU,1
UAGAGAACUCCGUUCUGUAGCUGCCGCAUG,1
UUGUUGACUGGGGUUUCUUUGUAGGAUGGU,1
UGACAGAACGAUCAAGACAGAGAUGGAGGG,1
UGUGUAGAAUAGCUCAGGUUUUGGAUAGGU,1
UGCAGAUUUGUUUGUCCAGGAGAGAGGGUU,1
UAAGUGUAGGACUCUCAGAGGCACACUUUUU,1
UAAGCAGAUUGUGUAUGUAUGCAGAAGUGU,1
UAAGAGGAGACUAAUGACCUGCCAGAAGGG,1
UAGGCUAAGUGACAACAAGUGGAGAAAGGG,1
UACAUUCACAAUAUGUUAGAACUGGCAGAA,1
UAGAUAUUGGUAGAGGUAUUUCAGG,1
UCUUUUCUUGCUUUGGACGGUUUCCUCUUC,1
UAUGUGGCAGAGGUAGGUAGAGGAUGG,1
UAGGAACUGUCUGUAUAUGGGAGACAAUG,1
UAUCUCAAGGAAUGAUAGGAACGUGGGGU,1
UAACAAAUCGGGAAGGUGACAGAGUCGG,1
UUGAUGUUGGACAAAGACCAGUUGGUGGAUG,1
UAGUAGAAUCAAACAGCAAGAGAACCUUAGG,1
UGGCAUCUGUUUGAUGUUUGUGAGUUGGG,1
UAAUACACUGAGCAGUGGACUCCGUGAUU,1
UCCCAGGGCUAUAUCUACUGAACACGGCUU,1
UUCAGGACGUUCUGCCAGAAUGACAACAGU,1
UGUUUUCAUAUAGACUGGCAUGGUACCUU,1
UUGGAAGGAAUAUAAGGGUCAGAAAAUGGG,1
UGGAUUGAUUACUGUGGGGAUGGUGCUGU,1
UGGGAAACUCUGUGUGGAAGUAGGUGGUA,1
UACAGUUUUGGAUCACUGAGCUAGGCAGAGU,1
UGUAGGGCUCUAAUGUAGACUGGUCACAGC,1
GAGAUGGACGGAACCUACCUUCAUUGGCGGG,1
UGAGAUGGGAAAAGGAGGUAGCGUUAGGU,1
UAUGUCUCUGUGAACAGUGUGAUUGUCAUG,1
UGCAAAGGGUCUGUAGGGACUUAGCUGAGG,1
UGAGGUUUGCAACAAGUAGGAUUGAAAUGGU,1
UCCCCCUUUUUGGCAGGGUAGAGGACUGG,1
UAAACUGUUGGGUCGCCGUCGUCGGUCGUU,1
UAAAAGAACCCUGAAAAACAAGUCUUUAUUC,1
UUCUCUAACGAAAGAGGACUGUCGGGUUUC,1
UGGUGGAAUUGUACAAAGUAUUUGAUAGGU,1
UGGGAACCUGAGAGGAUGGAAAAUCUGGA,1
UAAGAUGAGUGGGAAAUUUCAUGCAGUGU,1
UGGGGAACAACAUUGGAUGAGCUGAAGGA,1
UGAACUCAGAAGAUAAAGUGCCCUUCAGGA,1
UCCAUGUGUUGGGAUUGUCUGGUCUUGUU,1
UAUAGAUCAUACUGGAAAAGGAAGCAGGCU,1
UCCAAGCCUCUUCUUGGCUGUCGUCGUC,1
UGACACAGGACAAGAAAAUGAGCACUUGGC,1
UCAGACAGGAAUGUUAAGGAUGCAGGGAC,1
UGACAGCAAGGACACGAAGGGAUAAGGCCC,1
GAGGCUGUGAUGAAGGUUGAUAAGUGCUU,1
UGACUGAGCACUAGAUCCAUCCACGCAGGU,1
UCUCUGGAUAUGAGUGAGCAGCCGGGCAGU,1
UGUAAAAUGGGGAUAGUAUUGGGUAAAGCA,1
UUUGGAUACUGAGUGCUUUCGGAGAUGCAU,1
UAGCAUGGAUGGUGAGCUAGGAAAGCUAC,1
UGAGUGAGGAGAGAGAUGGGAACAGGC,1
UGGGAGUGAGGCAUUAGGAAUAAGUAGUU,1
UCUGUUAGCAGAUACUGGAGAGAACCAUUC,1
UUGAGAACCAGAAACUACGUGCUGAUCAGU,1
UCUGAUGGAGAGGAAGUUUGCACCCCGAG,1
UAGAACACAUGACCUAGCUGAGGAUGACCC,1
UCUCAGUGCUGGAGACUUGACAUGGUACC,1
UGACACUUCUGAGAAGACAGGGUUCAGCCCC,1
CAGAAAGACGCACAGGGACCCCUUGGAGGA,1
CCCUCUCUGAAAAGUUGGUAGGCUGGAAGU,1
UAAGAAAGCAGGUGCAAGGGAAUGGACAU,1
UGGGAAGAUGAGAGGAAGGACGGGCAAGC,1
UACAUAAAGUGGACAUGGACACCACAGUG,1
UGGAAGACAUGUCUGCAGAGCUGAGUGAGGU,1
UAUAAAUGGAAGGUGUGACCCAGAAGUCAGG,1
UAGUCUGGAAUAGACCUGGGAGAAUGGUAGC,1
UAAAAAGAAAAAAACAAAGGCAGGGGAACA,1
UAGGAAUAGGCAAGCAUGUGAGAUUAUGUG,1
UGAGAAAAGAUGAAGCAAACGUAGUGGAAC,1
UUUGGGAUAGAUGAACUCAUGAUGGUGGAA,1
UAUAGAAAUUGAGACAGGACAGGUUCGGU,1
UCCUUGAACAAGAGAACAGAUGGCUUCCCAC,1
UAGGUCAGGAACUAUGGACAUGAUCAGGG,1
UAGAAAUGAUGGGACGUGUUUGAGGUAU,1
UCCUGGCUGAAGAACUUGGAAGCCUGAUGG,1
UUGGUUAAAGAUUAGACUGUUUAGCGGUG,1
UGUGAAAAGAAGAGAGAUGACUGUUGGUGU,1
UGGAAUUUAGUGUCAGUCUGACUGGAUGGA,1
UGGGAUUAAAAACAUGAACCACCAUGGAUGG,1
UGUGAAGAGAGAUUGUACAAGAGCAGGGGU,1
UGGCAGGAAUCCUGAUGAACAAGUUUGACUC,1
UGAACUUUGUGGAGAUGGGGAUGGACCGC,1
UCCAGGAUGAGAUUGAAGCAGGGUGUGUGU,1
UAGGAUGAGUUGGCUUGGGUUGUGUGUGU,1
AUUAUUCAUGACUGGGGAUGUUCUAAGAC,1
UCACCAGGCUGGAAUUGAAGAUGUUCAUU,1
UAGGAAGAAUGUUCUGGGUGGAGGGGGGA,1
UAACAUGAACCCCUGAACAGAGGCACUCAA,1
UCUGCAUUUUGAUCAGUUGUGGCUUUACAU,1
UGAAUCUUGAAACUUUGGAAUUGUGGAGGGC,1
UGCUACUUACAGUGACUGAAAACUGCAAC,1
UCCUUUCAUAGUUUAUGAAAUUAGUCAUCGG,1
UGCAGUUUUGAAGGUGGUUUUUGCUAGAU,1
UCAGUGGACUGAUUCUUCUCUAGUAGCUGGC,1
AUCUGUGAAAUGGAGCCAGCUACGUCCUCU,1
UUAGAGCUACUACCAAGACUGUUUGAGAAUC,1
UGCAGCUGUAGGGCUAUAGCUUAGCAUGGU,1
UAAAUAAGGGAUUGUAGCUCCCCCAAGGUU,1
UAGAGCUAAAGUAGAACAGACCAUGAGUGGC,1
UGAAAGGAAGUAGGCUGACUGUUUUCAGG,1
UGAAGAGUCUCUACAUGGAACAUGGCA,1
UGUGAAGAGACGUAUAACAGUGCAAUACAA,1
UGUGGCUUUGUAGAGCUAAAACCCACACAGGC,1
UGCAACUUUGACAAGAUCUACAGCCUGACUC,1
UCUUCUUGCUUGGGCUAGUUUUAGAGGCAU,1
UAAUCUAGAGUGGGACAUUGCCAGUGCAU,1
UUCUCUUACUGUAAGAUCUGUAUAAGAAGA,1
UCUGUCCCAGGUGUGACACUGCCGUCGGU,1
UGGGCUCUGGAUAGUCAACAAAGGGAGAGA,1
UAAAUAUGGAUGAAUGUAUGUGGCAGGGGU,1
UAUAAGACUCUGGCGAGCCUAGAUUAUCGGU,1
UCUUUGGUCUCUUAAGGUAGAACAUGGCUC,1
UGAGAGUAAUGAGGUCGGAAAGAAGGGG,1
UUAAAUGUUUGUAGGAUGCAGCUGGGAUGG,1
UGACUGGAAAAAAGAAGAUGAAGAAGAGGA,1
UGACUGGAAAGAGGCUCAAACCAUGGGAGA,1
UGCCAGGGAGACUGUAGUCCUUGAGCAGGGA,1
UAGACUGGUCACAGCAGCUGACACAAAGGUU,1
UGCUGGUGUGUGGGGCAUAUGUGGCA,1
UCUUGGCUGUUGAGCCAAAUGAAGGCGUGGG,1
UGGGUGAGCGGGAGAAGCAAGGAGCAGC,1
UCUUGGAGCUUGUGAACUUGGCAAAGUAGG,1
UAGACUGGGCUGUCUCUGUCUGCAGAAACACU,1
UAAUCAACUCGUGAACAGUGGCAUUUGUG,1
UGAGAAAGUUGAGCAGUCCAGAGAUGUC,1
UGAUUUCUUUCAUUGUAGGUCUUGGACUGU,1
UCUGAGGCAGAGACUCUGUCGGCCCAUGC,1
UGAACACGGAUACUCAGACACAUACCCUGGC,1
UAGAUGGGAAAGAGAAGGGAAAUAAGCGUG,1
UGGGAGCUCGAUUAAGUGAAAGUCAGGGAU,1
UAAAUGGUAGGAAUAUGAGGGCAGAGUUGG,1
UUUAUGGGUUUUUAGGGUAGCAGAGUUGGU,1
UAGGACUUCGCAAUGGUUGCAAACUUGGG,1
UGGACUUAGAUCCAGCUCUGCACAGUAGCUGC,1
UGUGAGCUGUCUGACAUGAGUGCAUGGA,1
GCUUGAGUUGAGACUGUCAGUAGGUGUU,1
UCUAAGAACCUGGAAGGGCCGUGGGGAC,1
UCAAUCUUGUGGAACCCUCUAGACAGGUAU,1
UUCUUGUGGCUAUCUGUAGAAGGCACAGAGU,1
UGUGUCUUCUGUAGGCCUUCUUAGAAGGGC,1
CUUGCUUGUAGAAGACUGGGACCAUCAUCU,1
UGAGAUGUAGUGGAGCUGGUGUCAGAAGGU,1
UCACAGGAUGUUCUCUGGAUGGUAGAGGC,1
UUUUGGCUUAUGGUUGUAGAGGGUUAGAGU,1
UCAGAGCACUGUUGGAAGUAUGGGAGAGGU,1
UAGGAUGUAGACGGUUCUGGUUUUUGCUGU,1
UGCUAGACUGAUAUAGUGUGACACGUGUU,1
UGAAAACAGUGUGGAUGGCAAACUUUGG,1
UCUCAGACUAAGAAGAAAGGCAAGCACGGA,1
UAACAGAAAACACAACUGAGAAGGGCUAG,1
UACAGAAAAUGAACUUUCAUCAAAGAAGCA,1
UAGGCAGUGUGAAGAAAGGAACCGUUCCGGC,1
UGGCUAAAGUGAAUAUAUGACAGAUAGGC,1
UAGGAAUUCUGUGAACAAAUCACUGGAGGC,1
UUGUAGGCUCUAAACACCUCAAGUGGCAGGC,1
UCUGAAGAGACCACAGUGACAGAAGGACAGU,1
UAAGACUGAAGCGAAUAGGGACAAGGCUGU,1
UCAGAGAAUGGAAUGGGCGUACUUGGUGU,1
UGUUGAAUGGAUGAAUGGGUGGAUGACAC,1
UUUGAAUAGAGAAACAAUGGACCAGGAGA,1
UGGGAUUCGGAACCGGGGAAGCUGCUAGGC,1
UAGACUUGAGAAUAUUUGGGACAAGCAGGU,1
UUUGUCUUAUUGGAUUUUGUUUGUUUGGU,1
UGCAGUUUCUGAGGGCAUGAGAAGCUCCCU,1
UGUUUAAUGGGUUGGAAUGAGGCUGCUUUU,1
UUGAGUCUUAGAUGAGUGGAAAGGUGCUGU,1
UACAAAACACAUUGUAGUCAGGACACGGAU,1
UUUGUUUUCGGACUAGUUUGAAGACCAUG,1
UUUGACAGAUGGCUGAGAUCAGAGAAGGU,1
UACUUCUCUGAGCAAUGAGAGCAACAGCGU,1
UCCCAGUUAGAGAUUGGUCAGAAAAUGGCA,1
UUUGAACAUGCAGUUCAUAGAUACUCACCCU,1
UAGUUUGAAAUGAACUAAGAUGGGGGACA,1
UGGACUUAAAAUACGAGGAGGUGGGGGGUU,1
UUUAAGUUGGCUGUAAUAUCACCAGAGGA,1
UGCAGAGGAGGGAAUGGCUCAGUGA,1
UGAGAAAACUGUGAGAUGGAGAGACACAA,1
UAAGAGAAAAGCUUGACUCUGCAGAGGAA,1
UCCUUUGGACUGAGGAAGAAGGAGAAGGU,1
UAGUCUCUGACCUCUGACUAGUAGUACGUU,1
UAGCAGUCACUUGAGGCUCUACAAAUCGGCGU,1
UAGGUUUUAGUGGACAGCAUUUGGCAGA,1
UACUGUAGUUUGCUUCAGCCUAGACAGCAC,1
UAAGUAGUUUAGUGUCUGAAUGGAUGGA,1
UUAGAGCUGAAUAGAAUAGGUAACAAAAUGU,1
UAUGUUAAGCAAUGGAGAAGGGAUGGAUGA,1
UAAAGAUGGAACCUGACCAAAGACAGGGCAC,1
UGAUAGUAGAAGGGGUUUGAUUGGGGAC,1
UGAGACAAAUGGAUAGCUGGCAUGAAGUU,1
UAGAUGAGAUAGUGGUAGGCAGGGCAGGUU,1
UGAUCAUAAGGAGAGAGUUGGCAGAAAGGG,1
UGAAAGAAUGAACUGCCAGACUGACUGCCC,1
CUGAAGUCUGAGUUGAACCUGGCGGCUGUGU,1
UGCAUUGUUUUAUAGCUUGAUUGUGGGUG,1
UUUCAAGAUGUGAUUUGACAUGGGGGCAU,1
UAUUUAUUGAACAUGAAGAUUGUGGGGGC,1
UCUGCUGUAGACAGCAAGCGUCUCUAGCUG,1
UUCUGGCUUGCACUGAUUUCUUCACAGAUA,1
UGACUGUUUUUCUUGUACAAGGCAACCCCAAC,1
UCUGUCAUUUCAGAAUGUUUUGCUCAUGCA,1
CAUGAUUGUAGAUCGUGAUGCACAGUGCAGU,1
UGGAGCCUGUGGGCCCUGCCUUUGUGAGCGGU,1
UUCUUGGGACUAAUAUUGAUGGCUUUUAUU,1
UGACUAGAUAGGAUUUAAGGAUGGCUCCCG,1
UGAGACUCUGUACUGCUGAGCUUGGAGGG,1
UCCAGAUGUAGGACUGUUUGUGUGGGUUU,1
UAGGACAAAAUGAAGAUCCCAGAAGGCUC,1
UGGUAACUCUGUUGGAUGAGGCUGGCACC,1
UGACAACACAGAACAUGCUAGAGGCCAAGA,1
UGGGAACUAUAUUCAGGGAAUUGACAGCA,1
UGGGAAGGAUGAUAGCAGAUAUGGGCAGA,1
UGUAAAGGAAAGAGAGGCAAGCUGGAGGGU,1
UAAACUUUGAUCCAAAUCAGGCUUAGGGCC,1
UUAAACUUUGAUCAGUAAGUUGGAAGCUGG,1
UCCAGCUUUGAUGUGCUGUGCGGGUGGUGU,1
UUUUUAUGCAAGGAUCUUGGACACGCAAG,1
UCUGCAACUAGAUGGACUUGCUUGGAUGU,1
UAGGACAGUAUGUUGAACUCAGCAGAAUCC,1
UGACAGUUCUGACAUUGCAGGUACCUCAUC,1
UGUAUUUCUGGACAGAAUGACAGCUGUGGAU,1
UAUUCAGACUUAGAGGUAGAAAAUGAAGGGC,1
UGAGAUUUCUAGUUCUCGUACACCUGGCAGA,1
UAGAGUUCUCUGGACUUUUUUGAAUACUGGU,1
UCCAGAAAACUUGGAGAUGUGCACUCAGA,1
UAACUGUGGGAAGAUGUCUACAUCCCAGGA,1
UGAAAAAGGAAUGUGUUCUCGCUGUGGCAU,1
UCUCUGGACAGACAGACAGAACAGCUGAUAUC,1
UAGUAGUUCUUGGACUCUGAUGGAUGGA,1
UACAGACACGGCAGUUUAGAUAGGGUUUGU,1
ACCUUUAUAUAGAGACAGGGAGUGGGACA,1
UUUUAUUUGGUUACUUAGAGGGGAAUGAUGU,1
UUUUAUUUGUCUCAAGUUGAAUGUACCGGC,1
UCGGACAGUGAACAGUGUUGUAUAAGCAGA,1
UAGACUGUAUGAUAUAUGGCUUGAUGUCCUU,1
UGACUGGAAAUCUGUCGAAACACACGAAGG,1
UAAAAGGGAAGUGAAGAAGGGAGACUAGU,1
UUGGUCUGUGCCUUUUGGACAAGAACUACGUC,1
UCAAAAGGGAAGAGAAUUACAGGGAGGAGG,1
UAUACAAAAUCUAGGGGGUAGAAAAAGGUG,1
UGUAACUGUCAUGGUGGAGAGGGAGGGGGU,1
UACUUGUAGAGAAAGCUGGAGUUGAGCGG,1
UGUGUGAAUCUUGCUGUGUGUACUUACAAC,1
UGUGAACUCUACAGUCAGCACUGCUUCCAA,1
UACUUGUAUUUAUGCUGAGCCAUGGUGGCCC,1
UGUGAACUCUGCUUCAAGAACAGGAUGAUG,1
UUAAAAGACGAGUGAGAACUAACAAGGAGA,1
UACAAGCAGUAGUUUGGAUUUAUUCUUGGU,1
UUAUGGUCGAUUUGAUGUUUAGGAAUGGUA,1
UCCCAAAGACUUACUGAAACAGAGAUGUGC,1
UAAAACAAGUACUUCUAAGUACUAGACAGCA,1
UCUUGUUUUAAACCAAGAUCGAAGGCCAGC,1
UGGGACUCAGGCAUUUGGCAUGAGACACUC,1
UCGUCAUCUCAAGACUGAGAAGCAAGGCUA,1
UGGACUCCUGAAGACUGACAGUAAAGGCAUG,1
UAUGAACCUGCAGAAGUGAUAAUAUGCACUC,1
UGCGUAGUUUUGAAUUCUUGGGGGACGGA,1
UGUGACUAACGAGCCACCAGCAGGGAGAACU,1
UGGGAUGGCAGAGUAAGAUGUUUGACAGUU,1
UUUGUCUUUACUAUAAGAUGGCUGUCACCC,1
UACAUCUGAGAAUUUCUGUGUUGGUUGAUGU,1
UUGGAGGACUGGACUACAAUUGGGAGGA,1
UGCAAGGUCAAUGUAGAACUGGCCCUGGC,1
UAAAUGGCUGGGAUUGGGUAUAAGGAGC,1
UAGGAAUAUGAGGGCAGAGUUGGUAGUGG,1
UCACAACAACUGUGUGGAGGUAUAGGUGU,1
UUGAAACCUGAGACUUCCAGAAGAUGCCACC,1
UCCAGAAAUAGAGCGUUUGAACAGACCAGG,1
UUUGAAACUGUUGGUAUGUAUUGGAAGGG,1
UUGAUAUGUAGGAUCCCUCUCAGAUGUCA,1
UAGACAUAAGGAUAGGUGAUACAGUGUUGG,1
UAAAUGUGGGCUCUCAAAUGAGAAAAGAUGU,1
UAAGGAUGUAUGUGGUUCAGUAGUAGAAGU,1
UAAAACAAGGGCGGUUGUGAGAAAGGGAA,1
UGCUGACUGUAUGACCUAAGGCAAGUUUCU,1
UGGAGAUUUGACUUAUGUGAGCCGGGGGA,1
UAAACAACACUGCUGUAUGAGACAGGCGA,1
UGAGGCCUGUUUAGCUGACUCUGUGGGCUG,1
UUUUUGGAGUUGUGGUCUUGUGGAGGCAU,1
UCUUGUUUUUGUUGGAUGAGGAGGGUGA,1
UGAAACAGUUUGGAAGUAGGUAGCAGA,1
UGUCUUUACUUUGGUCUGAUCAGCUUGGC,1
UAGAUGGAAGUCUGAUGGUGGUGGUGGC,1
UAGUUGUUCUGUUGUACAAGUUUGGAAGCA,1
UGUGAAAAUAUGCACUCUGUGGAAGGCUC,1
UGUAAAAUAAGACAUUUGUAGGCUGGUGUG,1
AUACAAACAACAUUAAAUGGACUCAGCAG,1
UUGCUCUGUAGUUCAGCUUAAUGUCAGGCA,1
UCUGAUGAGAGUUAGGCAGCAUGGGGACA,1
UGGCUGGAAUUCUUCUGAGGGAUUGAUGGU,1
UGGGUCUGAGGGUAGAGGAAGGGUGA,1
AGUUUAUUAAGGAAGAAAGCAUCUCGGGG,1
UAAAGAAACUCUUACUGCAUGAAGCUAUGG,1
UUGAAGGUAGAGAAGGUUACCCCAAAAUGGGU,1
UGCAAGUCGGAGUAGACAGUUGAGGAGUGGU,1
UAACUGGGUAACUCGUUGGAAAAUGGUA,1
UAUGUCUCAUAAAGACUGUUGGAAUAGGGUG,1
UGAGAAUUAUGACAGAGCUAGAUGGUGCAG,1
UUCUAUGGACAGAAAGGAAAGCAGAUGGU,1
UGCAAGUGUUCGGGUUGCUGACUGCAGAGG,1
UGUGAAGACUUCAUGACGUUUAAGGCAUC,1
UGACAGAGCUCCGACAGUACAAAUAGAAAUGC,1
UUGACAGUUAUCUCCUGCUGUAGGAGGCAUU,1
UGGACUCCUGGACAGACAGACAUACUGCCUC,1
UAGGAUGGGGAUAGAGUGUAUGAUGACGGA,1
UCUCAGGACCCACAUGAUGGAAAGAGCAGA,1
UAGGACAGAAGGAUUAAAGCAGCGCAGUA,1
UUGGCAAGUCUGUUGGAUCAGGUUGACUGU,1
UAUGCUAGAGAACAGGACACAGAAGG,1
AAAACAAUGAGGAGAUGGGUACUGUGGGA,1
UAGGGAUGAAGCGGUCUGGGUGGUGUCU,1
UGGGAUGUUAAUAUUGAGUGAGUUGAUCUG,1
UGCAGGCAGAACAUUCUUACACAUGAAAUA,1
UGUGCAGGACACAGAAGAGCUUAUGGUUAU,1
UAACAUUGUAGACAGGCACAAAGAUCCCCUU,1
UAGAAGCUGUACUUGUCAGGGAGAGGACUC,1
UUAAAGAGGGCAUUUCGGUAGUUGGGCAGU,1
UAGAGCAUUGUGAAUGAACUAAGAGGCUAC,1
UAGAGACACCAAUGAACCAGAUCCUGCUA,1
UGGGCAAAACAUGUGCAGUUGAUUCUAGCU,1
UCAGAGAAAUAAAGUAGAAAGAGUGACUGG,1
UUGGUGAUGUAGAAAACCUCUGUGAAGAUGU,1
UAGUUCUUUGUCUAAGGCUGAAGACUUAGU,1
UCUUUGUGAUGGUCAGGCAAGGUGAAGGGG,1
UAAUGCUGGUAUUCUGAGCACCCGGUAC,1
UAUUAAUUGCAGGAGAAUCGUAGAUGUGG,1
UCUUAAAGGAAGGAAUGAUACUGGUAAUG,1
UAAAAGGAAACACACGGACGAGGAGAUGGC,1
UCCAGAUAGAAACUGGAUCGGAGUUGGGG,1
UCGGACCAGAGAAGGAGAACAGAAAUGGCC,1
UCAGAGGCAAAGAGAACAAGCAAGAGCAAC,1
UGCUUUUGUCUAGAGGUAGAGAGAUGUGGU,1
UUUGAUAAAGUAGAAUAGCACUUCCCAGA,1
UCUUGAUAGUAGAAAUGUUCCUAAGCAGC,1
UCCUCGAGUCUAAGGACUUAGUAUAGUAGA,1
UUAUCCCGUAGACUCUGGUGAACAGCUGGGC,1
UAAGAUGGAGUCUAUUAGGCAGAACACAGU,1
UAAAAGAUAGAACUCUUCACACGAGGUGCUG,1
AGUAGGGUUUUGUAGCUCAAACUAAUCGGCGU,1
UCUCUGGAUGGUAGAGGCGUGCUUUGCAUU,1
UGCACUGUAGGAUGCAAUGGGAUUUGGAAU,1
UACUCUCUGACAGAUGUGAAGAACAGGUU,1
UGAGACUCUUGGACAACAAGUUUCAAAAUGGU,1
UUCUAGACAGGACAGGAGGCGACCACUCCAU,1
AUGUCUCUCUUCUCUGUAGAUUCAAGUAGGC,1
UGAAACGAGACUUAAGAGGCUUCAGGGAGGG,1
UUCAGUACUGACAGCAAGGACACGAAGGGA,1
UGAUUUGGUUGACUCUGUUAUGGAGAUGGU,1
UCAAUGCUGUGGUUUAUGGCAUACAUCUUU,1
UCUAAGCACAGAUCCAAGAUCAGGGGAGGC,1
AGCUUCAAUAGUAGAUGGCAGGAUCCUGA,1
UACAAGCUGUGGGCAUCAACUGUCUCGAU,1
UGGACAGAAGAAUCCCCUAGGGAGGCAGGGC,1
UGGGAUUGCUGGCCAAGCACAUUAGAACUGU,1
UAAGGAUUCUGGGAAAUGUAGUUGGC,1
UUAUUGUAGUAGCACAGAGGACUGACCUGG,1
UUAUUUACCUUUUUGAGUGCUUGUGACUGU,1
UAGGAAUGGUCAAAACUUGACCUGGGCUGU,1
UCUGUGUUGGCUGCAUCAAUCCCUCUGGGGAAC,1
UAAAAAUAAGUGCUGGUGGUAGAAAGGAG,1
UCUGAGGGAUUGAUGGUACCAUAGGCAGU,1
UAGAAUCUGAAAAGCCCAAGAAUGGUGAACA,1
UACAGAAUCAUUGGAAAGGGUAGGAGGCA,1
UGCAAAGACCCUCGGAUGGGAGAAGGGUGU,1
UGGGAUGGUAUUUGGAGUUACAUGUGUGA,1
UAGGGAUGGGAAGUUCUUCAGAAAGGGACAGU,1
UUUGACAUUAGAACAUUUGCCGAAUGGGUU,1
UGACUUUUUCUCUGGGGUUAGAAGGGCCAU,1
UGGAGAAAAGGCUAAGACUACUGGGACUGU,1
UGGACUUUUUCUAAAAAUUUGCUGAGAGGGU,1
UUUACAAGACUGAGUGGGUAAGAUGGAGGA,1
UGCUUUUAACACAGCACUGAGGAGGU,1
UCUUUUAUCAGGGUUAGAGAUCUUAAGGG,1
UAGGAUUCUGCAGACGGAAAUACACAUCCUU,1
UAUCCUCUGAAUGAGAUGGCCCAGGACUUC,1
UGAAAGUUGUAGAAUGUGGCAGAGCCGGA,1
UGGAAGAAGGACCUGCAUAGUGAAAGUGAC,1
UGUUUUCCAUAAUCAGAGCUGAAGGACACA,1
UGUAUGAUUGAAAUGCUAGUGAGUGGAGAC,1
UGAGGAAUACACUCUCUGCUGGCAUG,1
UGAGCAAGGAACAAGGAGCUAGGG,1
UCAGCUGCAAGAAGACACUGUUACACAGU,1
UGAAUUAACUCUUGCUUGCACACGGACAA,1
UGCAUUUAUCAGUAAGAAGGGAGGGCUGU,1
UGUUUAAAUAUUUAUGGACAUGGAAGAAUGC,1
UGUAUAAAAUGGACCAGGUGUGAGCAGUG,1
UUGGAACCCAUGUUGGAAACAGAGGACAGG,1
UAGAUUGUUGGUAGGUUUGGGGAAGGAUC,1
UCCAGGCAUGAGCACCUGCUUCUGACAGCAUU,1
UAACUGAGAUGCUGAGACCAUGGAGUAGGU,1
UGGAAGCAAUACUGAUACCGUAGACUUGA,1
UGAAGCAAACGUAGUGGAACUGGCCC,1
UACUAAAUCCCAAGUAAGUAGAGGUGGCUU,1
UGAAUAAAGCUGGAAGCAGAGAACAGACUC,1
UACAAGAAUUGCUGAAAACUGUCUGAGGGU,1
UGCUGACUGCACACACCCUUGACUGAGCAU,1
UGUAAGCUGCUCUGAAUUGCAGACUUGGCUGU,1
UAGAGAUUGAGGACAUUAUGUAGCAGGGG,1
UGAGAUUAGUGAUCCUUGGCCUUGCAAAGA,1
UGAGAUUAAAGGCAUGCACCAACACAAUAU,1
UAUUCCAGAGAAGUAGAAUGGUGUAUAUC,1
UAACAAUGGGAACUAUAAGUGGGGAAGAA,1
UAGCUUAUAACUCUGAAUCUAUAUGGCUC,1
UGACUCCAGAGGAUUUGCAACAACACAC,1
UGAAUGAAUGAAUGAAUGAAUGGGGGUGU,1
UAAGGAAUAUGUGACAGCAUAAGAGAUGCGU,1
UCCAUGAACUCGGCAUAUUCUCAGCUCUC,1
UAGCAAACACCAAAUACGACUCAGCAGCUGU,1
UAGCAGAAGUUAGGGACAGAUAGAUGG,1
UUCAAAGGCAAAUUUGCUUUGGUUGACUGG,1
UGGAAGCAAAGGAAGACACUCUGAGUCUAU,1
UCAAGUUCUUUAUAGAUCUGAAUUGGAUUG,1
UAAGAUAUCGUAGGGCAUGGUACACGGUU,1
UGCACAAGUAGCCUGAAGGGCUUUCUCCCU,1
UCUGAGAUGCAGUUGUGCCUGAUAGGAGG,1
UAGAUGCAGUAUGGAGACUAUGGUGGGAGU,1
UAGGACUCACGAAGAGGCAUUAAGCUGCAGA,1
UAGGACUCCAGAUACCAGAACAUAUUUGGCUU,1
AUGAGAGGUGUAGAAUAAGUGGGAGGCCCCCGGC,1
UAAGACAAAACUGGUAUGAAAUGGCUCUC,1
UGAGAUACUCUGGGAAUGGUGCGCCUCUG,1
UGAAAAUAGUAUGUUUGUAUGGAUCGGGGC,1
ACCAGGCACGAGAGCUUUGAGGAUUGCAUU,1
UCUUGUCAUGGAUGUGAUUAGGAUGUUGGG,1
UAGAACUUCUGACUGUUCCUCUUCGUUCCU,1
UUGAGAACUGUGGGAGAGCAUCAGAGGCC,1
UGUGAGAAACGAGCAGGCCCUGGGAACCG,1
UGAUGAAGGAUUUUAGAAGGAUACUAUAGA,1
UGUAAUGUUGUAAAGAUGGUUUCUGUGGUA,1
UAUCAUUUGACUGCUUGUUGGAUCUAUGGU,1
UCUGAACUGAACAGACCGAAGAGAUGUGC,1
UUGUAGAAACGAUUCAUUCAAACAGGCUU,1
UAGAAAUGUCUAAGCAGACCUGACAGUCCA,1
UUGUAGAAUGGAUGCAGGCCUCACCCGGU,1
UGGACAGAGAGAGUGGCUUUGCUUCC,1
UGGGCAUUGUAGAGACAUGGCAGGUUCUA,1
UAGGAUGAGGAUGAAUGUCAGUUGCAAGGU,1
UAAGCUGUGAAUGACUGUGCUGGGGGAGGU,1
UCUGUUAGAACUGUUGCUAGAGGUAGGGG,1
UGCUACUGAGUAGUUCUGCUGUAGGAAAAGGC,1
UAUUUUCUGAGCAUUUUUGGCAACACCAU,1
UUGCUGGGGAAGACUUUUGAAGAUGAGAGG,1
UGAGACCAAAUGACUGCAUACAGAGAGGUGC,1
UUUGAGACAAGUUGUUUGCAGAUCUUUUA,1
UGGGACUCUUUGGAGCUGCAGGCUGUAA,1
UGGAACUUGGGAAGACUCAUAACUGUCCAUUC,1
UGGAAUUGUAGUUAGGAGCCAUUGAUGGGU,1
AUGGAUGGAUGGAUGGAUGGUAUUUUAUGU,1
UGGGAUGGAUGGCAUGCCAUUGUGUACUCU,1
UAAAUUUAAGUAUGGGCAUUGAGGGGAGGA,1
UAAAACUGUAUUUGAAUUUGGGGCGAGCAU,1
UAGGGACUGACUAGAAAGAAAGGUCAAGGA,1
UGAUGACGUGUAUGGUCUUUGACAGAUGGC,1
UGGAGUUACAGAUCGUUGUGAGCUGGCAUA,1
UGGAGUUACAGGCAGCCAUGAGUCACUCAAU,1
UGAUUAGAUGAAUAUGGUGAUGUGGCUGA,1
UAGGAAACAAGGGAAGGGAUGUUCACAGA,1
UUCUAAGGGCGUCGGAAUGCUCCAUCGGC,1
UACAGUCACAAACAGGAUGUAGGGAAGGGA,1
UAGAGUUAGAGGUAGAAGUGUAUAGUGCAG,1
UAACUGAAGAGAUGGGCAGAGAUGGGGUUA,1
UGUUUAACUGGGCGGAAGUUUAACUGGGA,1
UGAGAAAUGGGAGAGUAUAAGAGCAGAGA,1
UACAAGAAGCUUGGAUCUGAGGUGUGCAU,1
UAGGAUUUUUUUUUAGUCUGGUCUAGGAUA,1
UAUAAAGGUUUAGUAUCAUGGGGUGGAUGG,1
UGAUUUUUGAUAUUUCUAGCUACGGUUUGCCC,1
UUAAAGGAAUUUAGAAAUGGGCUCAAAAUGU,1
UCAGAAGAGAUUCAGGAUCGUUAGAGAGG,1
UAGUGAGGUCACUCUUAGUUGGAUGGUAUG,1
UCUCAGAAAUUGGCAUGACUUCCCUUGGG,1
UUGGAUUCUGCCCCUUGACUGAAGCUGCUU,1
UGCAGAAGCAAAGAACACAACAGAUGACA,1
UAGGACACGAAGUCUUGGAUCCGUGUGG,1
UGGUCUGAUUGCUCUCUUAUAUUCGGUGU,1
UGAGCUCUUGGGGAAACUGCGUUC,1
UUUUCACCAUGUGACCUGCCGCCGC,1
UGUAAGAUCUGCUCUAACCAGGCGU,1
UAGCUCCGUGGCUGUGGUCCCCUGC,1
UCCAGUGCGGUAACGCGACCGAUCCC,1
UAGCAGAACUUUUACAAGAGUUACUG,1
UGGAAGGACUGAGGACAGGUUUCGCA,1
UAGUACAACGGCUGGGCAAGCCAAUG,1
UGAAGGUCCUCUCUCUCGUUCUCGGC,1
UGGCAGCUCACACACUACUGCCCUUA,1
GGAAAAAUUCUCAGAUGUCCAAUGUU,1
UGAAAGGAUCGGGUGAUAGCAGGCAA,1
UACUUGUCUUACAGGCAUCCCCAAGC,1
UUAGAGCAGCUGCUUUCCAAGUGUCU,1
UGUGAGAGGCUUGUCAGUUUCAUUGA,1
UGUCAACUAUUCUAGUGGUCAUUAUGC,1
UGGCCAAGAUGUAACUGACAUGCACUC,1
GGGUCUGAUUUCUGAAGUAAGGAAGGC,1
UGAGAGUAAUGAGGUCGGAAAGAAGGG,1
UGUCAUAGCACACCUCAAUGAAGCCCC,1
UAGUCAUCUAUAGUCCUAAUGCCCCCC,1
UGGUUAUCCGUGGAACUGGUCUGUAUGA,1
UAUCCAGAGCAUGAGGAGUACUUGUGAU,1
UAGCUGUGACCAGGUCAAGUCUCUUGGA,1
UAGGAUUUCCAGGGCACAGCAGGGCAGC,1
UGGGAGUUCAUUAAGAGCAGGAAGCAGU,1
UGCAAAGCGACGGUGCAAGGUUUCAGCC,1
UCCAGAUAAGAUUGGAGACUCCCAACUA,1
UGCAGAGAGAAAGAAAAAAGUUUUAGGC,1
GACCCCAUCAAGUGCACAGCGUCCAGUC,1
UAACACAUGCCAAGACAAGGAUAAAACC,1
UUAGGUUGUUUGGGGAUUCUGAGCAGUG,1
UGCCAGUUGUCCAAGACUCUUCAAGCCU,1
UAAAGGCACAAACCAUCACACCUGGACC,1
UCCUGGAAGCAAAGGUUCGAGACCAUUC,1
AAAUUGAGUACCGGCUGGUCCAAGAGUG,1
UGAUGUCCUCUCAGAUGAAACUGAUUUC,1
UGGGGGAAGUGUUACAUCCAGAAGAGAC,1
UGAAAUCUGUUAAAACUGUUUGAGAGAA,1
AGCCUCUCGUGAAGCCUUGUUUGGCCUC,1
UGGGUUUCUUUUAAUGGUGUAUUGGCCA,1
UGAAAAAGAGGAACGCCCCCACGCCCCC,1
UAGGACAGGUAGGUGAUGGCAAAUAUGA,1
UUGCCUUCUGUGGGUUUUAUAGAGAGAU,1
UAGAAGCUGUAAGAAGCUCAGACAGUGC,1
UCCGCCUUCAUGAAUUCUCAGGGACCUG,1
GAAAAUGCAGAAGCCUAACAGGAGCCAC,1
UUCCAAGCAUUUGACGGGUGACGCUGAA,1
UGAUUGGUGAUGAGGAUAUGGAGAUGCA,1
UAUGUUUACCUCACCAACUACACUUGGA,1
UAUCUAAAGUCUCUUAUCUCCUGGUGCA,1
UAAUUCGACUUGCUCUGGGUCUCAAAGCC37,1
UAACCCAACUGAAUUUCCUGCCAAGGCUC,1
CUCUCAAACUUAAGGAUACGUGUAGCUAG,1
UAAGGGUGACUUGGAUCAGGCAUGUCUGC,1
UCUUCAGGCAAAUGUAAGCUACAGGACCA,1
UCCUCUUCAAGAAGAAGUGUCUGUGCUGG,1
UAAGAGCAAAUGAGAGUGAAAAGAAUUGA,1
UGCAGUGCUAAUGUAUUGGUAGGCCAAAU,1
UGCUACCCUAGUGUGUCACUUUUUUAAAC,1
UGACUUGCAGGGGCCAGUUCUCUCCAGUU,1
UGGGAUUAUAGAUGAAAUACUGGAUCAUA,1
UGCAGAUCAUUUUGCCCGGCUCUCUACUU,1
UGAAGUAUCCAUCUGAGGUUUAUUUUCUC,1
UGUAGCCAAAAUGCUUCUAUUAUAGUCAG,1
UGGCAUAACUUACACACUGUUCUACUAUC,1
GCUUACAAGACAAGGUUUUAGUUGUGUCC,1
UGCACACACACAUUCCCUCAGUAUGGCCC,1
UUGUGUGUGGCCCCCUUGAACAAGUUGCC,1
UGACCCUGGUGACUGAAGCGAAGUUUCCC,1
UACCAAAUUCCUAAAUUGAGCUGGGCCUU,1
UAUGGUUACAGUUGUGUGCCUGGAUCUUC,1
UGAGUCUUAAGUUACAGGCACAAAGCUGC,1
UAUCAGGGCUCUCGAAUUUAUCCAUCCUC,1
UGUGCCCAAACCAACAAAUGGAGAUAGAC,1
UGCCAGCACUCGACCCUUGCUCUUUCUCC,1
UGAUGAUGUCACGAGUAAGCAAGUGUUGC,1
UGAGAUGUGACCCCAGGUUCUAGACUGUC,1
UGGGAGAUUAGUGUUAAGCUGAAAUCACA,1
UCCAACCAGGCCUGAACCCUCUGCAUGAA,1
UGGUCUGGUAAUGUGUUCCUACCCGGGAA,1
UACCUUUGAUGAGUAUGAAGUGCCCCUCC,1
UGGAAUUAAUCAGAGCUGAUAAAUGUAUG,1
UGAGAAUGCAGGGUGUUUCUGAUGGAUGA,1
UAGCAGGUAUUCGUUUCACUGAGUGAGUA,1
UGGGCUUUGGUGCAUCUGUCUUUGAGUCA,1
UGCAGGGAACCGGGUGCUUCUGGGAUUAA,1
UGAGAAAUUUGCUGUGCUGAGAAAUUUGC,1
UUACAUAUAGCUACUUCUUGGCCACCCUC,1
UCCUUUAAGAGUUUCUAGCAUAUCCCAGA,1
UCCUGUAUUAUGGAACAGGCUUCCUCAUA,1
UCCCGAGAGCCUGCUGUAAAUACGCCAGC,1
UCAAUAAAGGAGUGUGACCUGGAAGUUGU,1
UGGCUUCAAUGUUUAUACGUGGUCAAGGA,1
UGACCCAACGUCUAUUUUUUUCCAGGACA,1
UGAGAGGGUUAUAUGACUGCACCCUAAGC,1
UCCACUUAAGACAGUCAGUUAUAUUUCAA,1
UGCUAAAUAAAAAGAUUGCCAUCAGUGAC,1
UGAGGGAUUGAUGGUACCAUAGGCAGUGU,1
GCCUUUCAUGACAUGUUUCUCUAGAUGCU,1
UUCAAAGGUGUGUGGUUUUCAAACAAGCA,1
UGCUAAGAGCAGUGAAUGUCUACACUAGA,1
UCACAGUGACUGACUCACCUGUGAGACGA,1
UAGCAGGGCCUUUGCUGAUAAUCAUGAUG,1
UGAUAAGUAGAGAAUCACAAGGUAGACCU,1
UGCUGCGAUAAACACACACGUUUUGGAGG,1
UCCGAAGAGAACUUAUUUGGCCUCGCUGG,1
UCUAGAGGUUGGAACCUGGGCUCAUGGUC,1
UGCUGAUUUGUAAUAGAAGUUUACAAUGU,1
UCAGAAGCUGGACUGUGUUAGACCACCUC,1
UGGCACCUAGGCUGACAUGAGGACAUGAA,1
UGGCAACUCACAACUAUGAUUCCUGUUCC,1
UUAAAUUGAAACAUGUGUUUGAGGUUGCA,1
UCAAAUAAGCAUGGUAAAAUGGUACCUGG,1
UAUUCCGUUGUGCAGUCUUUCCAAAUAGC,1
UGCACCAAAAGCAAUGGACUCACCUGUUC,1
UAACACAUGACUGGGUGCUCGGUAAUCUC,1
UGCCACUUGACACUUCAAGGACCUCAUGA,1
GUGGUCCUAGCUACUCAGGAAUCUGAGGC,1
UGGCAGCUCAACUAAAGGAACUUGUCUUC,1
UGGCCACUUCAAAUCUUUCUCCGAUGCUG,1
UGCAGCAGGGCAUUGCUUUCUCCUUAUCA,1
GAGCAUGUGUCCUUGUUAUGUGUUGGAGC,1
UCAUCUAUACACUGGAGUGGAGUGCUUUG,1
UGACUAGAUAGGAUUUAAGGAUGGCUCCC,1
GUCUAGAUUUAGGGUCUGUGGUUAAGAUA,1
UGUUUUUCAGGCAGUGAAGAGUUAGAGGA,1
UGGCAGAUUGUUUUGUCUUGAAUGGUGUU,1
GAGUUUUUGUCAGUAUUCACCAGGAACUU,1
UUCCAAUUUGACUUUUGGCCAUGGUGUUU,1
GACAAGACAAGCUACAAAGACAAUGGAAA,1
UCCUCUUAGGUAGAACUGGGUUCACUGGA,1
CAUCCUCUUGACAGUUGCAAGCCUGCCGC,1
UCCAAGCUCUUGGGAGAGAUGGCUGCUGA,1
UGGUUGGUCAUCACAGGACACAAUACUGA,1
UGGUAUGUGUGUUCAAUGAUGGAGUGUGU,1
UAUUAAUGUGCGAAACUCAAUCACUGACC,1
UGUGAGUUUGAGACCAACCUGGUCUACAG,1
UCAUCCUUCAGCGACUUGAGGUUGUAACA,1
UAGGUGCUUCUCAGUCAUUCGGUAUUCUC,1
UACUGAGUCACCCCAGUUUGUCUUCUCGG,1
UGAAAUGCAGGCUGCUUCCAUGAGUUUGG,1
UACUUCAGGCCAGAUGAUGAGGUGUCCUC,1
UAGAAGUAAAGCCUGUGAAGUAAGUGUGA,1
UCCACAAGGAACUGAACGACCUGGCCCAG,1
UCUAGAUCAAUACCUUUCAUCUCAAUCUG,1
UGGGGAUCUAUAUGCUUUGGGAGCUCGAU,1
UACAUGAAGAAUUGGAGGGUAUUGUCAGA,1
UGCAGAGCCUCAAACAGAUUCUGUGGGAC,1
UAGGAUUGAAGUCCGGCUCUGAAACGUGA,1
UGCUUAGCUCAAGUAACAAUGAAAGGUAC,1
GACAAAUGUCAAAAACCUUGGAUGAUCCU,1
UCAGUUUAACAAGUGUAUCCCAAGGGUGU,1
UUCCAUGAGCCACACUGAUGCUGUCAGCA,1
UGCACUGGAGGAAGUGUGUAAUGUGUGUA,1
ACUCGGUUCCUCUGCAAGAGCAGCCAGUG,1
UACACUGUCUAGUGAAGAAAGAAGUUCUC,1
UAAAUGUCUCUGUGUGCUUCCUGUGCCCA,1
UGAUGUUUAGUGGCUACCUGGAUGGCUGA,1
UCAAUGGACAAGGGUUCCUUUAGGUAGAC,1
UACUUAUGUGGCCUAUGUUGUUAAUGUCC,1
UAUAUUUAUGAAUGAAUGUUGCAAAAAUA,1
UGGGCAAGUUUGGAGUAGCUCCCUAAUAA,1
UGACCAGGCUAUAUGAAUUGACUUUCUCU,1
UGAUUGUGGUAGGGCCUGACCAUGCCUGU,1
UCAGCACUAUUGACAUUGGAACUGAAUUC,1
UAAUCAAGAAAGGGAAAUCAAGGUUUAGG,1
UCUGAGGGUGAUAAUCUUGGAAAUCCUGC,1
UCCUACAAAUUGGCAUCCUCAAAUGCAUA,1
UGUGGCAACAGAACUCCUCCACAGGGUCC,1
ACACGAAAAGCCACCCUGGUGCUGAGUUC,1
UGGGUAAGCCUGUGACUUAGUCUUAUCAA,1
UCCCCAUGCGCAGUGGUGAAUGUGGCUUA,1
UACAACCAACUCAUUGACUGUGUACCUGC,1
UGACACUGGUGCCGGAUCUGCUGUGUGGU,1
UAAGUCUCUAAAGGCCACUGUGGACUCAU,1
UGCAAUGAACUCUUUCCUGCCAAUGUCUA,1
UUCCAAAUAUUGCUGUAGGAGGGACCAAU,1
UCACAGGACUCUUGUAGUGAAGUCUGCCC,1
UAAUAACUUUCUUUGUUGAAAUGCUAGUA,1
UAGGCUAGCUAGGUCAAGUGAUAUGGAUC,1
UACAUGGGUGACAAGGAGGUCAGGUGUUA,1
UUAGAUAGAUGGGAAAAGCUGCGGCUUGG,1
UCUUAGAGAUGUUCUAUUGGAAGGUACCA,1
UGUACAGCAAGAUCUGUGUAAAUGGGGAC,1
UCACAUUUCUUUAGAUGUUUCAAAGCUGG,1
UCCUUGCCUUAUGCAUGUAUUGUAGGUAA,1
UAGACGGGAUUUGAAUUGUUUAAUGGCUA,1
UGUUAGAGUCAGCUUUGGACACAUUCCUG,1
UGUUAUCACAAGACCUCUUGUCAGGCAGG,1
UGGAAUAAUCAGGAAAUUUUUGGUUUUGC,1
GAACUUGGUUAGCUCUGCUCUUUCUUGUC,1
UACUAAACUGCUUGUUUUCUGGUCUCACC,1
UUAAAUUAAGCCUUUGAGUCCUUAUUUCC,1
UGCAUAGUGCUUACUGCAUGAGGCUGUGA,1
GAUGUAAACGAAUGGAAUGAUUAAUAAUA,1
UGGCCACCAUGACUUUUCGUUUAGCUGCC,1
UGCCAAGCUCAGUCCUGUAGGAUCAGAGU,1
CCCACAAGGAUGCUGCUCACUAAUUUGCC,1
UACUACAUUCACAUGGACCACAGACAUAC,1
GAGGAAAUUCAGAACCACGUUGCGUCUCA,1
UGCCAAACCUCGUGACUGUAAAGAUGAUA,1
UAAAAGUUCUAGACUGUGUUCCUCCUGUG,1
UGGGACAUACUGCCUGAUCUCCUGUGAGA,1
UGCCAUUUUUUUUUUCAAAAUAUCAAAUC,1
UUGGAAAUGCAUUGCUUCUAAUGGGUCUG,1
ACUGACUCUGAUAGCCUGUCUUUGAUUCC,1
UCACAAUCGUUCACAGUGGUCAAGACUUC,1
UCCUGAAGUAGAGUCCACUGAUCUUAGGC,1
GCUUGCUUAACUUGCCUGAAGCCCUGGGU,1
UGUGUGUGCCCACUGAUGAAGCCCAUUGC,1
UAGUUAAGGGCCUGUCUGAAUGUCAUAUA,1
UAUGCAAGAAUUUACAAUGGCCUAGGGAG,1
UGGGCUACAAGUGAGACUGUCUCAAAAAA,1
ACCCACACAGUGGAAGGAGAGAACCUAUC,1
UCCACCAUAGCUACCUGGAUCAGUGAUGG,1
UAACAGGCAUAUAAAAGUAUUAGGGCUCA,1
UGAGUGCAGUGGGAUCGCUCUUGUGUUCA,1
UCAAACGGCUUUGACGGUGAGUUCUCCAC,1
UAAAACUAGCAGUAGUUGAUAAGGUGUUA,1
UCUGCAUCUUUAGAAUAAUUGGAGUCAGU,1
UAUGAGACUAACCUGUGCUAAACUGAAAA,1
UCAUUUAUUUCUUGCCUUUAAACCAAAAC,1
UACAAACUGGGUGCUCCGUAGGGUUUCUA,1
UAGCCAGUCUCUCAAGCCGGAGUCCCCUC,1
UGGUAGAAGUAGGUAGCCACAUUGGUGAU,1
UUAGAAGGGUGGGUUGACUAUGACACAAA,1
UCCCUCAGAUGGUGAUAUUAGUUUGUUAA,1
UAGCCACAUAUUCAAACUUCUAUGUUGUC,1
UAUGCGUUAUGCUUGUUCUUAUUUUAUUA,1
GUCUAUCCCAUGGUCAAGGACCUGGUGAC,1
UCCCAGAGGAGUCUGUAAAGAAGUAAAAG,1
UGCCAAUAUAUGGGUCACUUAUGUAGUUA,1
UAGCCUCACUUCGAAUUCAGUGUUGAGCU,1
UUCGACUUGUGCUAUAGUGAAAUUGGCGC,1
UCCAUUCACAGCUGCGACUGAACAAUUGU,1
UGCCGCAUGAUGUUUAGUGGCUACCUGGA,1
UCGGGCCUAUUUGUAGGAUGUGGGACACU,1
UGAGUUGCCUGGCUCUGAAGCCUUGCUCU,1
GUUGUUCUUGUUGUUUGCCUCUCUCUCUC,1
UUGCCUGGGUGAUCUGGUAAAUGGGCUCU,1
UAACACUGUACUGGAGUGACGUUCUCAUA,1
GACCAGCAACAAAAGCAUGAAACCAGCCA,1
GCUUCAGCGACCCUCUAGGACCAGUGUUC,1
UACCUACGAGAAAAGUGCGUCUGAAAAUG,1
UUAAGAUCCAAAUAGGACCAGCCACCACU,1
UGCACUUGCCUUGGUCUUCAGAACGAUCA,1
UUGUAUCUAAAUAUGGAUGAAUGUAUGUG,1
UGCUUUCACAAUGCUUUAGGCUGUGCUAG,1
UAGAAGACUUGUGAGGUCCAGGGGCUCGA,1
UGAAACUCUCCAUCUGCAUCUGCCUCAGC,1
UGGGAGUCUUUAGUUUGUGCAAAACGUGC,1
UCAGUUCUACUGUGCCUUGAGAGGGAGUC,1
UUCCAAGCUGGGUGGCCUCUGGACUCUGA,1
UGGUCUCUCGUGAGUUCUUGGGUGUCUGC,1
UGUUUUGGAAUGAAAUCUGUAUGGGGAGG,1
UGCGUUGUACUUGAUCUCUUAAGCAUUCA,1
UAAAAUUUUUGAUUCUUCACAGCCUGGCCC,1
UGCCAACUGAGCUACAUCCUAAGCCCCAAA,1
UACAGAAAGGUGACCUCAGAUACAAAAUGG,1
UAGGCAAGACAGACUAUCAGCCCUGCAGGC,1
UAGACAUGGUAUUUGUAUUACUAUAGGAAU,1
UGCUGUGGCCUCCUCAUCACAAAGGGAUCC,1
UGGGCCGUCCUGAACACUACAUCAGUCUCU,1
UAUGACGGAUGCCCUCAGAGCCCUCACUGA,1
UGCAAUCCUUGACUUUCAGGAAUUGUGCAU,1
UCCCAGGCAUCAUCUGUGGGUGACAAAUGU,1
UAGGACACCAGCAUUAACCAUUCAGGUUCC,1
UAAAAGAGUGUAUGUUUUCUGCAGGUAUGU,1
GCCAUGGUGUCUGAACCAGCCAGUCCUAAG,1
GGAACUCCCCAUUAACAUGCCUACUUGUGA,1
UGGGUUUAUGCCUAGGAAUGGUAGAGCUGG52,1
UUCCAGUCGAUGUGAUGGAUAUUGUUGACA,1
UACGUCAUGAGUAGAUCAAGAUGACUGCCA,1
UAGGUUCCCCACUUCCCAUGAAUUUUCCUC,1
UAUGGAUCUAGUCCCUCUUGGAGGUUUGGU,1
UAACCCCGGGAACUUUGUGACGACUGCCAG,1
UAACUCUAUUUAGUAGAUAGUAAUGCCUGA,1
UGAUAUGUAGGAUCCCUCUCAGAUGUCAAG,1
UACUCUGGCUUCUCUGGGUUAUAGUGCACC,1
UAGAACUACAUACAGCCAGCGUCAGCCCAA,1
UGGGAAAAGGUGUUUUCUUCUAAUGCAAGA,1
UAAACUGGGAUGUGUCCCCUGCAAGCACAC,1
GACCAGACUCAGACUUGUGUGUGUUGCAUA,1
UGACAUCUCUGACUUUCUGGGGUCUCCAUU,1
UCUUGGUCGUGCCAUUACUUGUAGAGGGCC,1
UUCUGCAUGUUAAUGUUAACUGUCUUUGAU,1
UACUAUUCGCCAGUGCGGACUGGAGCCAUC,1
UCUGUUUACCACCCAGGAUGUGAGUGCUUC,1
UGAUCAGAAUGGUGUACAUAAAUGUCAGUA,1
UGGGAAGAAAUUCAUUCUCUAUGUUGCAAU,1
UGGUCAAGUCUUCAGAGCCUCACUCUGGUC,1
UGAAUAACCAUAACUGCCAUCGAAAAUGUG,1
UGAGAACACAAGCCUAAGGCACACAAGCCC,1
UCUUCUUUGGCAGCAGUUCAGUCCCUUAGC,1
UUACAUCUCCACAGAGUUUAGGUACUGCUU,1
UAAGUAUGCCAGCAUCUCUUGGAAGGAUGA,1
GUUUCAUUGCUUUUGAGCUUGUGGUAAGGC,1
UCCAGAGUCAGAAGCUUGUGUGAGUUAAAU,1
UACAAGUCCUCCUCAGACUAGGAUCAUGUG,1
UGGGAAACGGGUCACGAAUUCCUUGUGCCU,1
UGGCUUCUGGAUUAACUGAAAACUGAGUAA,1
UGCCUAAUAGACCUGUUUUCAGUUUUGCAG,1
UGCUUCUCACCUUUGCCUCCUUUUGACAUG,1
GCCUUUUUGGGAUGGUCUCGAUUACUGCAG,1
UCAACUACAGAUGGAUAGUUUUAUCAUAGG,1
UAGAACCUUUCAUGUGUGUCUGGCCUGAUU,1
UAGCCCUUCCUAUUGAGUAUGCAUUCCAAG,1
UGUGAUUUUUGUGUGUAUGAGAUUUGAAUC,1
UUAGAACGGAGAACAAGAGUACCGGGUGAC,1
UAUCAGUGUUUCUGUUGGGGGACAUACAGC,1
UGCUGUUGUACAAACAAAACAUUUCCAGUC,1
UACAGUAUAAACAACACUGCUGUAUGAGAC,1
UAGGAAACAUCUUCAGGACACGUUGGAGAC,1
UGUUAGGCAUGGAUGACAACAUGCAUUUCC,1
UGCUCUAUACCGCCUAGGGAUUCUGCUAGC55,1
UGGGCAACACUCGUGGAACUGGUUCGACCC,1
UGGAAUUUGUUGUCUGUGUCACGGACUUGC,1
UGGCACUCCUUCAUCACGUCUACAAGCAAC,1
UAAAGUGUGUGAAAUGUUUGGACAUGUCUA,1
UCACAGAAUAUUGCGAUGGAUCCUCUAGCC,1
UAAAGUAGAAAGAGUGACUGGGUAGAGCCC,1
UGCCUCCCUGCUGGUAUUUCUCAUCCUCCU,1
UCUCAUUUUAUAAGCUGUGGUGGUUCUUCC,1
UCACUAUGUCAUAUAGUUCAGGGUGUACUU,1
UGGCAAGAGGUGGAUAAGGAAGGGUUAGGU,1
UGUGGACAUUUCUGCCAUCUUACAUGCUGU,1
UCAGAUUUUGAGACGCUUUGACUGUGAAGA,1
UGACAAAACAAAUCCUCCUUCUGCUAGUCA,1
UCCACCAAAACACAAAACUGCAACAUUCAA,1
UGAUUGGAACCCUAUUUCAGUCUCCAUGGU,1
UGUACAGCCAAACAAGGUGACUAGCCAUCG,1
CAGGCUUAGAACUGAAAAGCGUUUCUCUUG,1
UACCCGAACUGUAAGGUUCUUUCAGGGAGA,1
UACUAUUGAUACUGUGCGUGUCAGAUGACU,1
UGGGACAGUCCUUUGCCUUUUACUGAUUCA,1
UACAAGUACACUGGCAAACUCCCACUGGGU,1
UCCAAUGCCUCAGAUGGUCCUGAUCUGUUG,1
UGGAAACACAUGGGUAUUGCACAAGGGCUU,1
UGGAAUGCUGGCCCAUCCUGGCCCCUGACA,1
UCCGAGUUGGAGACAAAGUCUUGGUCAGAC,1
UCCCAACACACAUUUCAGUAUUACAUGCUC,1
UGCCAAGAUUUUCAGCUUGCCUGCCCUGUU,1
UGAGAAGAUUUCAAGUCCCCAAACCUCCUC,1
UAUAGUUCGAGUCUAUUUUAAUCUCUGUAG,1
UACUUUUUCCUUUUGCUUGGUCCAGAUAAG,1
UAUAGAUCAUUGACCUGCUUUCUGUUGCAA,1
UAAGUUCAUACUCUGAGUUAGGGCUGAGAC,1
UAACAAUGGGUCUACUCUGUGGAGAAAGGA,1
UAUCAGAAAGAGUCAAGGCAGUCUCGCCAG,1
UAAAAAUGGCAACCCAAUCUUCUGAGAGGC,1
UCCACAAUAGUUUGGUAACUGUAUAUGGGA,1
UGGAAUACUCCUUUGUUGAUGGCUUAGUCC,1
UAAUGAUUGGCUUUGAAAGGUAGACUUCAA,1
UGAAGUUAUUCAACAGUGAUGUCAGCUACC,1
AGAGUAAGGAUGUUGGUGUGUGCCACGGCU,1
UGAGGAAACAUUUUCAGUGUCUUAGAUAUC,1
UUGCCACCGAGAUUCGAGUGAAGAAUGAGA,1
UAAUUAUCCCCCUACUGAAAUAACAUAUUC,1
UGCUGCCAGCCGUCACGAUUCUGGAUAGUC,1
UGACUCUUGUCGACAUCAUCUGCUAAGAGC,1
UGCUCAGCUUUGAAUUCUGGCAGGAAAAAA,1
UACUUGCCUAUCCUGUUGCUGAAUUCCAUG,1
UGCGGAUGAACAUUAAGCUUGCUUUCAGGU,1
CACCAACCAAGAUCCUUCAGUUUAUUCGUG,1
AAGAAAGACGCUUUUGGCAGCAGGCAUUUC,1
UGCAUCCUCGAGAUGAAACCUACUUGAUCA,1
CACAUUCAAUACAUUUCUAACGGGCCCGUC,1
UAAUUUCCUUAUUUGCUGUCCUCCCCCCCC,1
UGAUUGCUGAUCUGCAUUCCUGCGUAGCUU,1
AGGAAGAUAAGAGAAUCCACAACCACCAUC,1
UAGUGCCAUCCUACAGCUAUUUGUCAGAGC,1
UAGACAAGUUCCAUAUCUUAGGACCUCAGU,1
UAGUUUGAGAGUUUUAACACAAAUUGGGUC,1
UGUGUGUGUGAUCAGUGGUUCUCAACCUGU,1
UUGCUUGGUUCUUUCAUUGUGAUCUUCACC,1
UCCCCUAGGUUCUCAGACCCUUCUGGAGUC,1
UACUUUGGGAUAUCCCUGAUUGCCAAACAA,1
UCCCUGAGAGCAAAUCUUAUCAUGGCUUCU,1
UGCCAGAUGCCUUCUUCUCCUCUUCUUGGU,1
UCCGUGGUUUCUCUUACAUGGAUGGUCUUC,1
UAAUUCUACAUAAAGUGAAAGGGAUGUUUA,1
UGCAUCUGGAAGUGUCCUGUUGCCCAACCC,1
UGUUAUUGCCAUUUUUGUCAGGUCCAUGAU,1
UAGUAGGAAAAUGACUACAUGUCGGGUGGU,1
UAAUCUAGGAUGACACAAUGACUUCAAAGU,1
UAGGGAUUUCUGAUAGUAUCAUUCUGACCC,1
UCCUCAUGUGGUUCCAAGUUAGAUUUAUUC,1
UUCCAGCUCAUAGGGAUGCCUGUAUCCUUC,1
UAAGCUGUAGAUCAAAGAAAGAUAUGUCAU,1
UGCCAAGUUGAAUAGUUGUUUACUAUAUGG,1
UUCCAUAGGUAAAGAAUGCAAUGUGAUAGC,1
UAUGUAUCAUGAAGCCUGGUGAUCUUUAGU,1
UCUACUCCCUGUACACUGACCUUCUGAUUC,1
UCCUGUGCAUCGAGAUUAUCUUUUCUUGGU,1
CCGGGUGAUGCGAAUCGUAAUCUGAGCCGA,1
UGCUAUGUGCCACAUGAGUGCCUUUGAAUC,1
UCAAAGCAAAGCAGAGCCACAGAAUGUAGA,1
UCAUUAUGCCUUUUCUUCCCUACAGAUUCU,1
UUCAAAGCUCACCCUGUCACAGGUGCUACC,1
UUUCUCUCAGGAUAGGUAUAAGCAAAAAAU,1
UGACCACCCAGCAGAGUGACUGUGCCAGAG,1
CCUGAUACUGUUGUGUGGAUAAGUUUCUCC,1
GGAAAAAGAAUAGCCCCACGCAUCCCUGAC61,1
UCAACUGAAUCUUUCUGAACUCAUCAGCAA,1
UCAUAAGAAAGAACACAACUGUGUUGGGGG,1
GGAAAAGGUUUGAAUUUCUUGUGAUUGCUA,1
UAGGUUUGAUUGCAAGACCAAACUCAAUGG,1
UCAGAGUUUACAUUGGAGAGCCCUCGUUCU,1
GGCCUGAUGACUUGAAACACCCUGUAAGGA,1
UUUGUGUAUAUUUUGUACAAAUGGCAAUGG,1
UGCACAGUGAGAAUCGUGAAGGGGACCAGG,1
UACCACUCAGUGUUAUCAAGACCAAGUCGC,1
UCCCACUUCAGUUAAACCUUUCUAGAGACA,1
UAGAUUUGGCAAAACAUGUUUCCUACACUG,1
UACAACUCUUCAGGGACACUGGUGGUGUGG,1
UCCUUUGGCUAUUUUUGUGAACCCUGCAAU,1
UCUAAGUGGCCUAUGAGAAAGCAUGUCCUC,1
UGGAUGGAAUUAGAAAGUAUCACCCCAAGU,1
UUUUCUUUAGAGAGUUUGGAGUCAGCAUCU,1
UGUGAAGUCACCAGCAUUGGGCUUCCAGGG,1
UGAGCUUUCGACCCUAGUGCCCAGAGACUC,1
UGAAAAUGAAGCAGUUCCAACUUGGCAAUG,1
UACUCAAUUUGAUGGCACUGCCUUGAGACC,1
UAUAAAGACCAUCCUAAACCUGGAGCAUUC,1
UCCCACAGUUGUGUGAUUACCUCUGCCUGC,1
UGGAAUCUUGGGUGCAAGUGCUGUGAAGGU,1
UGCGUUGAGCUCAUUAUCCAGAAAAGCACA,1
UGGAUAUGCUAUAUGAUAGCUGAGUCAGUC,1
UGACUAAGAUGAGAGCCACGGUGGGGGUCA,1
UGAAGAAAAAUGCAUGAUCUGCCUUCCAAC,1
UGGGAUGUCUCUGAGGUUAUAAUAUUCCUA,1
UUAAUUAUUGUGAUUGAAAUGUUGGGUCCC,1
UCCAUUAUCUUUGCUACCAUUACAGAUGGA,1
GCUCUGCAAAGGGCCAGGACGCUCGCUCGU,1
UGAGAUUUGUCACUGUGCUCAGAAAGAUUU,1
UGAACUAUUCACCCUACAAAGAGUCCAAGA,1
UAAAACCAUGUGUUCAUGACAGGCGCCCGU,1
UCCAUGAGUUUGGCUUUAUACAACCUUGUA,1
UGAUGACCAUAUCCUUCCUUAUUUGGAGAC,1
UGGAAUAGUCUUGGAAUUUUGCUUACUCAU,1
UGAGAAAUUCCUUAGGUAGCAGAAGUAGGU,1
UGAGAGAAAGCAUCUGGGGAGAAGCCGAUC,1
UAGAUAUUGGUAGAGGUAUUUCAGGACUGG,1
UUUUUACAGAGAUGUAUGAAGUUGUGUCUU,1
UUAAAGCUAAGCCUUCUGGUAAGUUCAGAG,1
UCCAGUCGAGCUGAGGUUGUGAACCCCGGU,1
UCUUAGCAAACUGGUAUGUUAAGUGCGCCA,1
UGACUCUCAACUCUUGGUUAUUUGAAUGGU,1
UGAUAUAUAAGAAGGAGCCUGUGCACCCUC,1
UAGAAGGAUACAUAGUAGUUCUAUCUUGGA,1
UACGCACCAUGUUUUCUUCAACUUUAUCCC,1
UAAGUUUGAAACCACUUUGCGUGUCACUGC,1
UGGGAGACAGCAGUGACACUGCCAGGUACC,1
UGUUUGUUUGUUGUACAGGUCCUGGGCAUC,1
UGGUAGAUUAUAUUGUAAGUAGCCACGAUA,1
UUGCCAGUGACCACUUUGUGAUCUCUUGUA,1
UGUAUAUACCAGGCACUGGCAUAGGCCCUC,1
UGUUUUUGUAAUUCUAACAUGGACUUGUCA,1
GCUCAACAUGACUCACCUGCAAUGCUGCCU,1
UGAUGUAAAAUGUAGAGUAGAAGCCGUGUA,1
UCCCCAUUUCACAGAUGAGGAAACUGAAGC,1
UAGAGCUUCAGAUGAUAUCUUUGCAACUGC,1
UAAGAUCAGGCCAGAUGGAUUGGAUUAGGU,1
UGAUACUUUCCAAGCAUCAGUGUGUCAGAC,1
UGCGCUGAGCAAGAUCUCCAAGACCCUGUC,1
UCUGCCAAGGAUUAGGGUUGACGACUCUGU,1
UGAGAGUCAAGUGGCUUGUCCACCAGGAGA,1
UGCUAAACUGGGAGCUCUUUGGGGGUCAGG,1
UCCGAAGUUGGGCAGAGCAAUGCUUGGAGG,1
UGCAAGCUUGUAUUCUUGUCAGUGUCCCAG,1
UAAAUUUGAAGACAGCCGGUUUCCCCCGGG,1
UAAAAUGUACUUCAUAUGAAUUCUAUUUAA,1
UAAACUCAGUUCUUCACGCUGGCACCCAAG,1
UGCAGAGAUCGGGUUUUAAAUCUUGAAAGC,1
UAUAGUAUUUAAUACUGUAUUGCUCUACAG,1
UCAUGUCUCAACCAUGCUGGCCUAGAAUUC,1
UAGGAGUUCAAAACCAGUCUGGGUCAUGAG,1
UGCAGCAGCCCUCUUCAUUGACCUGAACCC,1
UAAUCAGCCACAUAUUUCAACAUAUCCGGG,1
UAAAGAAUUUGGCAUCUAAUUUAUGGGUCC,1
UCCUACUUUAUCCAUAUAGCUUGCUGCCUA,1
UCCUAAGUGAUCUUCGCAUAUCACUGGAAC,1
UUCAGCACCCUAUGUGUUAUUCCUACAGAA,1
UCCCAUGCUCACCCUGUGUUGCCAGACAGC,1
UUCCAUGGUGAUUUUAAGCUCAGUCAAAUA,1
UGAGAUAGCCGCGAUCUAAACUUUCUGUUC,1
UACCCAGGUUGCAAAAGGCAUUACUACCUC,1
UGCAAGCCUGCUACGGGCAUUUGUAAUGAG,1
UGGAAGGAUAGAAAGGCAGGGUCAUCCUCC,1
UCCUUGGAGUGCCUCGCCACAAAGCAGAGG,1
UAAAAUUGGAUGUCUAGGAUAAUGAUUGUC67,1
UGUAUAAAGGUGGUAGAAACUUAUUUUUGC,1
UGCCAUCGCUGGUGAAACAGGUACCCUAAC,1
UAGCUAAGCAAGCAGGCAGACAUUCUGCUC,1
UGAGAUGCUCACAUUGGGUAAGCUACUGCU,1
ACGGCACGGGCCUGUGAUCACAGUGGAUGU,1
UCCUAAGAAGAAUAAGCAUAAGAGGAAGAA,1
UCACACAAUUUUAGAUAGCAAUGCCUCCAA,1
UCCAAGGUGAGGUAGGGAAGAUGCUGUCCC,1
UGUAACAACCAUAUCUAUGCCACACACUUC,1
UGAACUUUCUGUUGGUCAAGUCAAAUUGUC,1
UGGACAGGUAUGCAACGUAUCUUAAAUGCU,1
UCAAAGAAGAGGAGACCUACCGAGAGCACA,1
UGAAUCCACAGCAUUGUGCCCUCUAGGCUA,1
UACCACAUGCUGUCACAAUUUACAACAAUC,1
UGCUCAGUCAGCUUUCUCUACGUUUAUAUA,1
UGGGAAGUACAGAAAUUUCCCUGUAGAGAC,1
UUGACCACAGAGUCAGGAAAAGCUAGGUGU,1
UGCGGCCUGCAUUCUUUUUCUAAGUACCUC,1
UGGACUUCGGGAGUCGUUCUUCUGCCUCUA,1
UCAAUUCAACUUCAGACAGUGGUUCUGUAC,1
UACAAGACUGUCAACUUAGUCAUGGGAACA,1
UGGCAGGAAUCCUGAUGAACAAGUUUGACU,1
UCUGAAGAUAUUUGAGAGUUCAGAGACCAC,1
UAAGUGAGUACUGUAGCUUAAAGUUUCUGA,1
UUGAUAUUUCUAGCUACGGUUUGCCCUAUG,1
UGAAGGUGUUCUGUCAACUUGAAUAAACUA,1
UGGUGAACCUCAACCUCUGAUGUGCUCUGU,1
UGGCCUCAUCCACAUGUUACUAAUGCCUGA,1
UACAAGUGUGUCUAAAUGUUUGUGCUUGUA,1
UGACGAGUUGAAACCGGUGAACCUAUCAGG,1
ACGAGGUUAGAUUGUUUUCCAGUAGCCAGU,1
UACAAAUGGUGGCGAUUUGUGCCGAUUGGC,1
UACCUUGAAGCUCAUGGGUCGCCUAGCCUG,1
UACAAAUCGGCGUGUUCUAUCUUGACAAGU,1
UGGGUUUUUGUAAUAGGUCCCUUCUUGAUC,1
UAAUCUCACUUGGAACCUGCAAGUUAGGUA,1
UACCUAAAGGUUUGGAAGGCUGUGAAGCGC,1
UGGUUCAGGCAUUCUUUAAGGAACUAAGUC,1
UGCUCACUAAUAAGGAAAUAGUCAAAAAAG,1
UGGCAGCCCACUCAUCCAUAAGAAAAUAAA,1
UUCACAGAAAGGGAACCUUCAGGGACCAGG,1
UCUUAUUUCCUUUCUACUACGAUUGUGGAA,1
UAGUAAAGUGGAAGUUAUAGAUUCUCCUCC,1
UGGGCCCUGCAAUGAACUGAUCUCUACUUA,1
CAUGCGAUGUGUUGCAGAGACGUACUACAA,1
GAAACAAAUGAAACCAAGGGUCAGGACAAA,1
UGUAAAGACGCACCACGCAGAUGAUGAUAC,1
UGUACAAUGCCAUGGUCUGCCACCAGCAGA,1
UAAUUUGGGUCUCUGUUUGCCAUGUUUCUA,1
UGUUAGAUGCCUUACUUGACCUUCCUAGGA,1
UGACACAAACUCACAUGUGAAAAAAAUGGU,1
UAACAGUUAUAACUGUUUCUGUUGCGCCUC,1
UAGAUCUCAGAGCAUACAGCACUUUCAGGU,1
UACUCACAGGGAUUCAGUGUUCUUAACAGG,1
CACAAAUGCAGAGCAUGAAUUCCCAUAGAA,1
UCCUAUCUCAGUUGUAAACACUGCCUGGCU,1
UGGAAGUACUUAGUGACCUUGGUGAGUUUC,1
UACAAUGAGGGUUCCAGUGUGAUUUUCUGC,1
UAGACAAAGCUGUUUAAAGUUCUUAAUAUC,1
UAGGGGAUAGUCUCAUAGGGAACUUUCUAU,1
UCCAAGACCAUGGAAUAGUGAGCGCUACUC,1
UGCUGUUUUACAGGGACUAUUAAUUGUUGG,1
UACAAAGGUUAAAUUGUGGUAUGGCCAGUG,1
UGAGUGUAUUCAUCCAAGGGGUGGCAAUGU,1
UGGACUAUGUCGAGUUAGGGUGGAAAGGGG,1
UCACAAGAUGCCAGGUGUCUUACUUUCUGA,1
UGGGCAUCUGAGUGUUAAUUAAGGGUCAUU,1
UACAGAUCAGUACAUUUUAGUGUAUCUACA,1
UAUAAGAUGGAGUCUAUUAGGCAGAACACA,1
UUCAAGCCAAACUCAUUAGGCUAACUGAGA,1
UCCCCACAAAUAUCUCUCUAGGAAGUAGCC,1
UAAAGUGCUGUUUGAUGCCCAAAAGCAGGUC,1
UAGACUGCUCCACUAUGCUGUGGAAUUACGG,1
GCGUGCAACCCACCAAAGGCUGACUGUCAGU,1
AUAAACAUCAAUGUUUAUGAGGCCAGAAACU,1
UGUCAAGGUUGUGGCAAUACUUUAUGACUGC,1
UAAAAACAUAUACAAACAACAUUAAAUGGAC,1
UGAAAUGAAAUGAAAUAAACUCAAGCACUCA,1
UCACACUGAUUGAUCUGUGAAUACUGAACCA,1
UAUAUAUAUAAAGUAUACAUAUAUACUAAAU,1
CAGACUGGGUUAUUGUUUGUGUGCUUUCCCC,1
UCAGCCAAAUUUCUAAUCCAUUCAUUUAUUG,1
UGCAAUUCAGCUUUCCUGCGGUGUUGGUUGC,1
UGUGCUUGGCUUUGGUGUCUCGAGACUCAUC,1
UAGGUGACUUUUAACUUUCCCUUGAUUGGUU,1
UGACAUUUCUAACCACUCAAAUACAAAAUGU,1
UGGACUAUUCUGGGGUAGCUGAGAUUCAGGC,1
UAGGUACCCACGUACUGUAAAAAUACAUGCA73,1
UGAGACAAUGAGGUUCUCAAUAAAAGUGUGU,1
UAGUACUCAUCAGAUGACACAUGAGAGGAUU,1
UGAAGAUCUUGAUGAGUUAUUUCAUGGCUUC,1
UGGCCUGUAUCGCCUAUACACAGAAGGCAGU,1
UAAGCUAACAAGCUGUUACAGUGUAUCCUUC,1
UACAAUACAGGCUUGGAAGAAAGAGGUUCCC,1
UGCAAUUAAUAUUUAGGUAAAUUCCACUGGC,1
UGGAUUCUGUUUACAAGGUGCACAAGUCACU,1
UAAGACAUGCCACCCUGUGAGAACCAGGGGA,1
UGUCCAGAACUAGUAGAAGAUACACCUAUUC,1
UAGAAAUUGACAGAUAUGCAAAAAUAAAGGG,1
UAUAUAUAACAAUAUUAUUUAAAAAGGAAAC,1
UCCAUUCACUACUAUUUAUUGCCUUAUCCUG,1
UGCCUAUGUGUAGAUCUAAAGAUAAAUACUC,1
UGUUUAAAUAGCAAAUGGGAUUCUUCCUCAG,1
UGAAGCCUUCAAUGCCAUACAAGGUGCAUGC,1
CACCAUGGUUCAUACAUGUGUCUACUUAUGU,1
UCGACUGAGAGGUCUCUUUACUACUCCCCUA,1
UAAUAUGUCUAAAGCCUAGAGCCUUCACUUC,1
UGAGCUGAGCAAAAGUAGCCAUCCUCUGCAG,1
UGGCCAAAUCGUGCAUGCGCACCUUGUUUUC,1
UUGGCUAUUUAAAGAAACAGGAAAGUUUGUC,1
UGGAAUUAAAGUUAUGUGUUCCUAUGCCUGC,1
UUGAGUAUAUAGUUCACAUAUCAUAACCCAC,1
UUAUAAGUGAAUACUAUAAAUCAAGAUGAAG,1
UAGAAGCCAACGGUUAUGUUUGGACCCCAGG,1
UAGAUGUGCACUUCAUGUUUGCUCUUAAUGA,1
UACACUGUCUUCACCUGACCCCAGGACCUGC,1
UCACUUGAUGUCAUAUCUUCCUGCUGGAGGU,1
UAAUUACAGAGAAGCAGAAAAGCAAUGUGCA,1
UCCUCGUCGUCCUCCUGGUUUGGAGUUAACA,1
UCCUUGACCGGACCUAAGCCAAGGUGAAUCC,1
UUCUUCUACGUAUUUAACUUCUAUCUGCCUC,1
UCUUUUCUUUCCAGGGUGCAUCAUAUAAUGC,1
UAUAAAUACAGAAAAUUUAUUGGCAGCAGCC,1
UCCUCCUCGUCACUUACGAAAACCAUAAGUC,1
UGAAAUGAUGCCAGGAUGUUACUGGAAUCCC,1
UAAAACUUCCAGGUAGACAUAUGCAAUGGGU,1
UGGGCAAUAAGACUGGACACUUAAGCGUUUC,1
UAGCAGUUAACUAACUGUUCUUUCAGAAGUC,1
UAACAGGGACCUCAGAGAAAACAAGGGAUGU,1
CAAACUCUCACAGAGGUCAAGAGAUGCAUCU,1
UGCUCAUUGCCAUGACAGUAACAACCAAAUU,1
UGAGUGCAUUCACAUGUAUCUUUCUGAAAUG76,1
UACUAAUGGUCCCAUGUCUCAAAACAUGCUU,1
UGAACACACUGACCAGAACUAACUGGAAGGU,1
UCCUAUGUAGUGCACAUUAACUCUUAAUAAA,1
UGUAAUUGUUGUAUUCUCAGUGUCAUUGGUC,1
UGUGACUAUGGAGCAACAAAGCUUGGGAGUC,1
UUGGCUUUGCAAGAGCUGUAGUGUCCUCCCA,1
UCCUCCUUCAGUGUGUCAAGAAGCUGGGCAC,1
UGAGCUGAGCAAGUCGAUUCACAGGAUCCCC,1
UCCAGCAGGUUUUUACUGUUCAAGUAAUUGG,1
UGCCACGUUAGCUUAUCGUUAGCUUAUCAUG,1
UACCAGGGCCGAAAAUGAAGUCAUUGACAUG,1
GCUCUGUAAACAACUGUUGUUUAGGCAGCGA,1
UAGAGCAAUCUCCUCUAACUCAGGACAUACA,1
UAUAAAGCACAAGACCAAGGUGACUGACUGG,1
UGUUAGCUUGAUUUCUGACUUCUCAAUAUUU,1
UAGAAUGCCCUAUGAAAACCUCUGCCAUGGU,1
GCUAUCUAGGAGUUGUUAGAUGUUAUCUCAA,1
UGGAAGGUGAUCUGGUUUCCACUUAGCCAUU,1
UAAGAGUCUGUUACAAGGUGUACAGUGUAUU,1
CUCACUGUGAUAAACUGGAGCCACCCCAAGA,1
UGAUAGGUUUUUGCUUUCCUGGAUUGCUGUC,1
UGGACACCCUGUAUGUCUAAGCCAGCCAGCC,1
UGAUAUAUGCAUUCUGUAUCCCAGGCAAGGC,1
UGUAAUGCUUUCUGACCAAGGUGUCACCAUG,1
UAGUUCCAUCCAUUUGCCUAAGAAUUUCAUG,1
UAAAAACUAACUUUAGGACAAGUAUGAUGAU,1
UGUUUAAUGGGAAGAAGCAACAAUUGAUGUC,1
UGUUACCUUUCAAUAAGACACGACUCGAUGC,1
UAGUUGAUGUAGACCCUGAGAAAAUGAAAGC,1
UGGCAAGGUUCCCUACACCCCUAAACUUUAC,1
UACCACAUUCAUGGUACAUGCCACUAGCACC,1
UGUAUAAAGUGAAACGAGAUACUAAAGACAU,1
UGAGUUGACCAAUAGAACCACCCUCUAGGUU,1
UGCAAUGGUUCUCACCUUACUGCUGUGAGCC,1
UGCAAGAAUGUGCUGUGAAGAGAAAAGCCCU,1
UGCAUGCAUUAAAUUUGCCAAGGGAAUGCCA,1
UAAGAUUUGUUAAUCUUCAGUUAAAGCCUCU,1
UAGGUAUCCCUAAAGAAGUAACAAAGAGCUC,1
UUCCAGUGCGUCCAUAAUAACUUUCUUUGUU,1
UAAUAAGCCAUAUGCCUACCCUAUCUUUGUU,1
UACAUUUGUGGUUUUUGAAAACCAUGAGCUG,1
UGGUUUCUUUCACAUGCUAAUGCUGAUUACC,1
UUACAGUACAUUGAUUACUAGACAUUUGCUG,1
UGAAACAAUCUGUCUUACACAUGCCUAGUCC79,1
UUUGUGGGCCCGUGGCAAUGCAGAAAACAUC,1
UCACAACCUUAGUGAACUUGUUGACGCUACC,1
UGUCUCUUAGAAACCAUGAUUCUUUUCCAGA,1
CCCAGACUCAUUUACACAAGAGUACCUGCUG,1
UGAGACAAGUUGUUUGCAGAUCUUUUAGUGG,1
UAAACCUGUUGUUAAGUUUCCUAGAACUCUG,1
UGCAACGAAAAUGGUUUUGUCUCAGCAGACC,1
CCUCUAUUUAAAUCUAAACUUUACAUCAGGG,1
UCACACACAGGGAUGGCUGAUGGAACCCACA,1
UAAUAUACUGAUGAUGCUCUAUAUGCAUGGG,1
GACAUGGCUAAACGAUGACAGAUAUGAAGAA,1
UACUUGCUUAUCACAAGAUUUUCCAGGCUUC,1
UACAAAAGGAGAAACUGAGACUUGCUUUGUGC,1
UUUUGGGUGUUUCAGUCCCUUCUCAGCUGGUC,1
UCCAAGGUGUAGAACGGAAAUACCCGGGAGGU,1
UGAAACCGGUGAACCUAUCAGGUGCUCAUCCU,1
UAGGUUGUCAUCACAUGGUAAAACUUCUCCUC,1
UCCACGGAAUACUUCCCAGCCUACAAUAUGGA,1
UGGCACAUAAACAUACCCACUACACUCAUCUC,1
UAAUAAUGGUCCAUCUUGCCACAAUACAGCAG,1
UAUCUAUUCCCAAACUCAACAGGGAGAGUAAA,1
UUCCAGCCCAUAACUAGUAGAUGGAAAGCAAA,1
UAGUUGGUAAAUGUAUUCUUAAAUCUAGCCUC,1
UAACUAAAGAGAGCUCCAAGAGUUCAAAGAGC,1
AGUUGAUGUAUAUUCUGAAGACAGAGUUGGUA,1
AACACAGAUUUUAAAAGUACACAUUUUUCUGG,1
UACAGGUUCGGGUAAAUAGUUCCAAGUUGGUC,1
UAAUUACAGUUGACAUUUCCAUCGGUGAGACC,1
UUAAUAAGGCUGACUCCACAGGACUACAUUCC,1
UAGGUGUCUCUUUGUGGCCAUAAGGCAUAGUC,1
UAGGCAGUGUGAAGAAAGGAACCGUUCCGGCU,1
UGAGGAUACUUGGACAGGUGCUUUCUGAAUGU,1
UGCAUUUUGGUCAAAACAAUAGCUGGGUUGGU,1
UGCUCAAUAAGCUGUAGCCUAGAGUGGGCAAU,1
UGAAUAAAUAUAAACUACCAUUUUUUUAGAGU,1
UCUACAACAAAUUUGGACACUCACCUUCCUUG,1
UCGUAAUUCAUAGUCUCCUGUGAGACUCGAGG,1
UCCUGAUAUUUGUAGGACAAGAGGCCCACACU,1
UGACAGAUGCAUAUUCUGUGCCCUUUUCGCCU,1
UACAUCCAGAAGAGACCCAAAAGGAGAUGGGCC,1
UUGAAGGUAGAGAAGGUUACCCCAAAAUGGGUUU,1
